47.527,-5.5346,2.2704
50.67,-5.6148,1.7246
54.961,-5.123,0.37612
59.746,-4.7232,-0.42542
62.862,-4.4411,-0.90968
65.024,-4.1418,-1.2182
63.469,-5.272,-1.4759
57.305,-5.0988,2.719
56.185,-3.9431,5.0725
59.092,-1.6467,5.1238
61.745,-0.94708,9.4343
63.565,-0.26843,12.401
68.51,0.12127,10.32
71.346,1.112,6.7595
73.538,0.37466,3.9275
75.563,0.13913,2.2138
77.061,0.43239,-0.077091
73.81,-0.18801,-2.235
69.254,-3.1415,-1.8358
62.26,-7.9077,-1.0873
58.401,-10.87,5.5696
49.642,-14.814,7.1833
56.597,-16.116,16.111
49.693,-13.687,7.2543
50.952,-9.6664,2.9756
49.688,-10.649,6.3226
45.803,-7.9632,7.2161
46.137,-8.8393,9.4606
45.974,-10.237,11.878
44.417,-12.454,15.587
45.597,-11.822,14.204
47.205,-12.332,12.463
47.373,-10.847,10.955
46.647,-12.019,11.204
44.881,-9.7791,9.1854
44.916,-8.3081,6.9918
45.587,-6.6613,5.193
46.629,-6.1404,4.3857
46.949,-5.698,3.1775
47.163,-6.4647,2.3226
49.512,-6.9597,1.2907
51.488,-7.0925,-0.22407
54.265,-8.0398,-0.20378
53.465,-8.9291,0.26895
60.3,-5.6472,-0.2406
66.128,0.77576,12.966
43.368,-10.828,14.412
61.338,-1.8992,7.2179
67.976,-6.4768,-3.3686
47.349,-9.6943,6.7561
56.825,-4.7994,-0.34187
65.544,1.7699,11.239
77.689,-0.33078,-2.9548
81.613,-15.856,40.542
46.38,-11.372,12.508
45.768,-10.754,10.533
45.378,-4.9693,1.3588
45.757,-6.4946,3.4311
50.408,-8.9202,0.6474
42.57,-6.3842,4.7565
55.079,-5.0619,2.345
64.563,-0.06719,10.492
69.007,1.0728,9.1418
77.523,-0.28622,0.59496
90.635,-13.831,48.473
45.513,-12.275,15.074
43.416,-8.4231,7.4326
47.821,-9.23,1.3441
51.677,-5.1295,1.2463
79.13,-0.056981,-1.7354
94.844,-14.913,63.397
94.629,-14.715,68.901
76.017,-12.973,27.602
44.387,-9.9326,9.5617
44.147,-6.4559,4.9637
46.59,-6.0017,3.9692
74.954,-1.3046,-4.5243
71.481,-4.1563,-5.046
93.571,-14.436,60.975
56.366,-12.035,11.589
44.949,-9.8397,12.48
47.232,-10.575,10.688
58.216,-3.4919,4.9921
48.456,-10.835,1.974
59.197,-4.7394,-0.38637
61.853,-4.7016,-0.56734
45.499,-7.748,2.369
80.357,-9.2516,20.092
44.179,-5.728,1.7253
62.991,-0.75996,8.8851
75.279,0.016583,2.9814
92.861,-13,54.24
95.196,-16.067,69.008
48.813,-4.2369,2.6513
53.399,-5.0254,0.73504
57.163,-6.3679,1.1242
72.716,0.36539,6.118
79.963,0.2584,-4.7964
79.675,-14.091,34.512
46.857,-10.37,10.318
44.37,-11.535,15.624
47.263,-11.496,12.047
43.247,-7.2928,6.8
44.342,-6.1928,3.0027
49.1,-11.25,2.7936
55.434,-4.2143,3.4105
38.378,-5.2027,5.1158
95.227,-15.007,65.271
67.574,0.52867,10.483
45.914,-10.566,13.184
57.928,-4.6933,-0.34903
77.831,-1.4671,-5.2372
75.101,-4.1386,-5.047
43.248,-8.6521,8.3741
44.546,-7.0737,4.8931
43.397,-6.8362,2.031
45.732,-8.7816,1.1668
43.549,-5.4336,4.7302
64.726,0.69711,11.334
80.169,-0.0029833,-2.3783
92.65,-13.595,67.479
93.826,-15.097,76.023
93.205,-13.257,75.298
92.582,-13.234,77.937
43.935,-7.9905,10.355
43.688,-9.8239,13.201
47.171,-9.9274,11.961
46.302,-10.003,1.8277
55.09,-4.901,0.09039
93.692,-14.761,76.295
45.768,-11.661,11.108
44.278,-10.192,9.9394
44.876,-7.1373,0.80454
57.883,-3.1276,6.3607
78.41,-0.026758,-0.70215
76.631,-2.559,-6.1891
54.002,-5.4695,1.4767
60.568,-1.3428,7.9741
70.814,0.74502,6.757
79.661,-1.1112,-5.9083
45.359,-5.1511,3.4887
80.853,0.35279,-4.2973
90.969,-10.894,82.591
40.519,-3.9338,4.8462
87.964,-10.434,40.233
92.022,-12.585,81.214
92.759,-12.824,75.799
92.137,-14.254,55.603
47.176,-10.429,11.283
51.469,-5.1903,2.0064
75.989,0.027952,1.3056
41.557,-8.0658,8.0564
48.656,-5.4448,3.0511
43.522,-6.5293,4.3086
35.536,-6.5994,6.4839
54.103,-5.4317,4.5564
43.944,-10.581,12.969
44.557,-9.4497,10.209
42.987,-7.8805,6.8445
48.135,-9.8965,2.5191
49.737,-11.039,4.0202
63.787,0.020426,9.5979
73.659,0.39425,3.4213
89.538,-7.7324,81.148
45.153,-11.602,13.524
42.891,-9.1176,10.034
50.561,-5.2939,1.3075
66.788,0.50161,9.7643
91.951,-12.254,81.611
47.25,-11.554,12.584
79.315,-2.371,-6.7241
43.37,-6.287,3.5635
45.486,-6.7176,2.6356
36.997,-3.9736,4.9157
75.725,-12.813,28.923
44.88,-11.514,14.004
46.801,-8.5789,2.9448
80.255,-0.64997,-2.8909
33.632,-4.31,6.3074
47.68,-5.2045,2.5674
82.112,-4.7919,1.1424
89.053,-12.06,64.623
90.147,-9.3788,82.89
46.634,-10.758,12.041
51.964,-4.6867,2.92
88.194,-5.8553,85.322
41.006,-4.2546,4.4517
55.985,-1.613,5.9208
69.684,0.31089,7.3804
78.393,-0.021719,-1.1459
80.665,-0.98636,-5.3782
42.301,-9.0497,9.9082
42.629,-7.406,6.1471
45.283,-3.7406,2.6905
87.703,-4.1516,79.933
86.854,-7.6558,50.682
41.667,-8.1067,8.6135
65.924,-0.016334,9.6429
81.059,-2.2413,-6.7021
86.769,-3.5087,83.122
46.471,-12.018,11.353
44.822,-10.685,11.211
41.656,-7.7353,7.8467
42.658,-3.9514,3.3123
87.367,-4.2229,74.087
62.131,1.066,8.294
81.69,-2.1722,-7.7841
45.955,-12.184,14.643
45.991,-10.693,12.364
58.691,-0.11604,6.7874
72.635,-0.11487,4.8586
83.678,-1.2108,-9.6665
89.996,-9.1447,81.54
83.834,2.2251,81.465
49.034,-7.408,2.6131
43.544,-12.729,13.616
46.704,-12.038,12.042
48.626,-6.6115,3.6449
53.418,-2.8277,4.9412
76.545,0.03672,0.71204
88.948,-7.4603,84.115
80.501,8.2858,77.661
45.926,-10.376,10.992
42.713,-7.3062,9.2644
46.288,-6.6787,5.0277
50.906,-7.2045,2.27
44.35,-12.34,13.495
49.156,-3.6665,2.5016
79.922,-0.42229,-2.7835
44.611,-5.5827,4.0149
68.412,0.43785,8.4108
86.451,-8.3802,38.798
85.47,-0.61414,84.397
78.956,12.182,78.568
79.977,-3.0002,38.414
44.862,-10.029,11.012
44.203,-8.9335,9.8946
42.368,-4.3594,6.3253
39.803,-2.7974,4.6579
41.685,-3.9357,3.9459
79.931,-1.3223,-4.6276
82.165,6.4956,82.644
66.423,-11.04,15.094
40.835,-5.3443,7.1873
80.701,-1.535,-5.9131
84.576,-2.7181,-6.681
84.631,-4.9562,8.1707
76.037,14.775,66.367
36.985,-2.7962,4.9641
63.961,0.81725,9.8666
82.912,-2.1454,-7.5985
45.26,-11.757,12.31
45.297,-10.261,11.022
52.016,-5.6171,3.2945
54.86,-5.9981,3.4045
72.525,24.77,74.239
75.249,19.936,75.306
44.584,-12.516,12.726
45.233,-3.5232,5.6804
35.059,-6.1591,7.9552
70,28.855,72.675
69.784,30.873,70.817
80.865,-5.8229,20.339
44.558,-11.574,14.606
42.404,-7.8017,8.6264
70.605,0.81704,6.5522
74.112,0.10642,3.1634
66.351,33.034,62.891
55.421,-1.5664,7.386
86.087,-2.2824,81.793
64.341,40.07,68.91
49.053,-4.6884,4.1207
78.942,0.18574,-2.1012
83.445,3.0225,81.069
74.809,20.484,77.193
37.374,-3.8642,6.3686
43.585,-3.7468,3.5829
61.265,1.3878,7.6837
66.131,1.3633,10.147
82.234,-4.7928,64.759
62.983,42.918,68.391
58.864,51.429,63.644
82.268,-1.668,-7.1815
55.36,55.774,64.746
57.792,51.222,65.468
48.351,52.995,50.143
79.494,-1.357,-4.0175
43.702,-12.364,14.35
43.98,-8.0764,8.3384
78.365,13.44,78.518
45.135,-11.192,12.769
42.68,-6.5939,8.7123
50.369,-1.9482,3.8491
40.085,-3.5444,6.0275
84.086,-2.4572,-7.6631
45.143,-12.876,13.612
43.968,-4.0647,7.312
53.851,-2.8679,3.479
47.94,-2.9947,6.5791
76.145,-0.32726,1.0579
81.038,-2.1701,-5.8224
51.04,67.145,62.351
57.492,52.599,65.852
43.553,-12.029,13.789
57.891,-4.2687,2.8065
66.917,35.091,71.139
52.67,59.929,62.857
59.626,34.478,39.445
44.392,-10.477,11.633
44.691,-8.7642,9.8207
35.481,-5.5005,8.6638
40.86,-4.9522,5.6167
68.123,0.7927,8.6483
70.255,14.405,24.843
46.847,-2.8678,6.8002
71.951,0.46821,5.5229
57.506,12.474,8.4124
66.307,-10.363,10.481
48.577,69.495,60.91
48.695,66.117,60.125
49.375,-2.8647,6.3347
39.189,-4.5891,7.7616
79.495,8.2423,77.732
56.929,49.343,64.847
47.64,69.391,60.33
52.262,56.426,57.881
78.811,4.0114,17.778
36.576,-4.1783,7.9508
51.29,-2.8206,9.2385
58.079,-0.61297,10.726
77.429,-3.6867,26.8
42.961,-11.865,15.693
62.126,1.5648,10.599
69.18,26.623,72.007
82.035,-3.0456,13.43
44.186,-6.3843,8.5168
77.721,-0.51745,-2.3842
80.133,-2.1724,-5.7817
81.948,-2.4293,-7.05
71.74,20.717,72.312
47.181,65.814,59.104
6.5427,4.2897,1.5542
42.869,-13.466,15.161
43.413,-13.118,13.661
43.98,-12.888,13.169
44.913,-8.4331,9.5801
45.387,-4.1929,7.6252
53.515,-2.2788,4.5366
56.73,-2.2626,3.7237
60.549,-2.3024,3.3535
82.363,-2.7565,-6.8954
65.219,1.9239,10.151
78.671,-1.6811,-4.3275
66.031,26.866,29.198
42.503,-12.694,13.423
36.556,-4.9404,10.51
44.68,-4.0065,8.0816
57.427,48.128,44.024
82.386,-2.1684,-7.4002
52.207,61.846,60.663
74.806,-0.59082,1.9102
48.233,-10.797,9.4049
43.379,-11.11,13.595
44.471,-8.8864,9.5369
39.706,-4.9557,7.5883
47.288,64.994,59.194
51.628,-2.2286,4.5312
44.258,12.372,11.638
44.941,-10.302,11.451
66.139,10.464,54.482
69.048,1.0809,8.0304
51.485,46.474,44.823
48.213,-3.758,7.2952
61.886,35.867,34.424
43.192,-12.064,13.233
76.025,-1.1842,-1.5583
61.095,25.18,22.546
59.109,-1.9453,3.0757
37.382,-4.5367,9.2832
71.656,1.2496,5.819
76.924,-1.9978,-3.7705
79.991,-4.9422,-4.2683
44.468,63.499,55.258
56.752,-1.3652,10.944
42.233,-13.157,14.212
43.799,-13.413,13.538
78.517,-2.5759,-4.6265
79.552,-3.4523,-5.914
80.266,-3.8288,-6.5141
60.622,33.763,64.239
45.207,66.013,57.194
48.882,63.207,57.657
74.407,15.068,22.136
42.59,-11.515,13.169
44.74,-6.6736,9.3032
45.34,-4.7507,8.8416
45.177,-8.8631,9.5785
62.713,0.43179,10.969
45.635,60.994,55.433
43.368,62.523,54.302
82.032,-1.3442,8.9349
37.425,-5.336,11.73
41.718,58.757,51.346
71.259,0.55153,10.573
47.932,27.924,41.574
54.203,-4.004,4.8381
40.864,-4.3161,10.778
51.2,-1.8154,11.209
57.71,21.764,18.229
48.863,47.064,57.079
48.281,53.384,49.477
50.845,-4.0238,5.8524
66.09,2.0419,10.605
69.446,1.3333,9.991
46.491,-2.7097,11.43
60.804,0.7618,11.339
58.437,40.56,37.293
79.265,8.9906,15.923
44.393,-12.223,12.437
46.656,61.236,55.769
49.303,51.356,47.066
63.021,39.768,35.965
68.902,27.571,28.577
41.602,-11.586,12.908
45.528,-9.8316,9.6842
56.61,-4.114,3.2803
78.76,-4.4123,-4.8358
74.632,1.6275,5.4997
49.851,50.529,45.388
65.405,34.117,31.413
73.031,2.7982,7.2414
76.301,-0.56584,3.997
78.681,-3.2285,-3.7284
78.925,-1.4826,-3.7019
41.518,41.714,35.421
41.549,-8.5471,12.262
43.297,-10.925,12.661
46.57,-7.0776,8.2998
78.037,-1.7288,-2.9372
37.861,56.353,49.323
53.856,33.486,28.662
45.867,-8.5295,8.4364
41.044,-6.2964,12.896
52.124,-1.8975,13.606
56.311,1.3169,13.318
62.969,3.1162,10.687
28.414,20.718,18.583
46.239,-9.7425,8.6047
48.553,-5.2035,6.696
58.901,-3.625,3.2162
77.489,-0.44726,0.56888
53.206,45.41,41.102
44.13,-10.858,10.339
47.01,-4.1306,12.487
79.273,-1.4142,-2.34
64.872,7.9736,13.768
66.69,16.43,14.811
50.905,22.394,17.427
46.847,48.123,44.49
42.058,-10.187,11.496
35.915,50.171,43.392
81.149,1.7488,7.1722
52.868,-4.7196,4.2265
77.772,6.4082,4.0046
64.523,9.9614,9.8643
46.06,30.259,29.026
57.545,47.48,42.735
42.39,-11.958,12.871
61.62,2.7743,14.833
44.115,-13.164,13.081
49.399,-6.5348,5.6998
62.017,3.7759,12.575
77.982,-1.2812,-2.1731
36.869,47.553,43.974
67.906,32.083,28.919
72.433,23.526,23.383
60.689,-5.0357,6.999
60.404,0.11387,14.087
69.969,3.4775,9.5578
78.336,0.30233,-0.22407
76.641,-0.058616,0.21765
65.326,33.432,30.146
46.719,-9.8579,8.0462
57.17,-1.5563,11.417
62.843,3.5766,11.564
66.481,2.9561,11.062
46.381,24.448,19.18
76.972,16.258,16.38
47.323,-8.2044,7.6452
43.009,31.657,30.833
52.243,21.49,19.891
62.253,38.802,35.707
45.569,-12.259,11.923
46.256,-9.8135,9.4695
50.366,-5.6248,3.6234
75.717,1.3476,2.9083
52.61,34.712,28.941
40.953,41.545,41.009
81.48,6.9253,9.1676
55.184,-4.9478,2.721
64.481,3.0501,14.605
79.548,4.6026,7.5638
58.468,-5.3745,2.9557
63.728,12.054,12.107
60.227,43.666,40.142
58.269,4.688,12.724
71.51,3.4014,7.5053
72.763,2.4432,5.704
54.096,49.377,46.1
46.293,-11.373,9.9649
67.205,1.91,10.343
73.466,7.7689,9.633
68.005,2.5907,14.062
40.09,49.99,45.877
67.927,31.692,30.468
42.109,-12.689,14.009
74.405,1.6473,3.5365
75.524,0.95364,1.3622
61.953,14.695,18.436
69.817,1.1586,9.1725
52.82,42.862,36.588
37.42,40.855,39.81
61.751,15.984,19.464
46.342,-9.454,8.297
52.429,-5.9401,2.5316
57.059,-6.6409,3.2687
64.975,3.2376,11.272
47.647,-7.0192,5.3601
66.527,4.5966,16.205
61.564,5.2829,16.574
56.208,4.8496,17.631
56.474,2.7287,13.815
60.264,2.9637,11.635
67.282,2.9691,10.398
70.887,2.5556,6.8215
46.549,32.141,39.742
68.59,32.056,27.79
65.715,35.598,31.281
42.623,-13.69,14.234
50.953,2.7683,14.008
73.573,0.47109,2.0369
62.975,35.271,32.94
50.48,5.4935,17.477
47.14,3.4392,16.731
57.452,26.361,24.488
71.546,7.4524,15.454
69.188,0.76836,6.4843
44.097,-12.924,12.315
46.134,-8.0337,6.6993
49.519,48.293,42.695
72.85,22.082,23.67
78.172,11.989,13.275
56.453,17.097,33.792
69.392,3.3681,12.422
45.384,5.3055,17.838
69.978,1.6418,5.4627
58.688,43,43.017
60.096,1.9345,11.19
61.288,2.8085,12.711
66.647,2.2592,10.251
66.742,2.7899,8.8095
60.186,15.248,21.586
57.21,40.121,41.474
61.291,39.972,37.978
46.284,-10.569,8.7544
46.446,-9.1351,8.1734
49.53,-6.8925,3.5519
54.129,-7.808,2.8609
56.154,33.627,30.784
67.034,33.463,30.988
65.502,35.836,30.792
63.249,39.35,35.53
54.295,2.5466,9.96
52.233,24.082,31.578
54.603,5.2922,18.689
58.501,5.3155,18.667
57.148,0.66383,7.7992
45.887,49.986,46.416
64.82,35.472,32.795
75.805,18.423,19.802
46.731,-8.106,5.9936
59.241,2.6767,14.61
60.208,1.752,13.499
57.315,-0.21835,7.5968
62.659,42.621,39.136
56.35,0.61593,8.3874
53.547,1.7356,14.381
68.938,2.5929,16.342
55.829,39.777,35.799
76.707,1.4255,20.216
74.874,3.9906,14.927
62.563,38.175,33.565
63.38,3.9097,16.28
53.502,1.2408,10.758
62.711,11.781,29.449
47.169,-11.558,13.144
47.754,-7.9634,4.7691
51.184,-8.9379,3.8341
67.353,36.302,35.586
53.453,3.8673,16.154
51.386,-1.4066,13.824
53.899,44.167,40.687
49.372,38.428,43.207
70.738,27.598,29.352
57.979,-0.99162,3.8044
66.672,13.748,20.613
59.028,42.242,39.824
49.089,-10.479,11.912
52.585,-8.3368,12.436
32.974,34.996,38.17
60.915,43.115,39.206
49.494,-8.9214,8.9571
58.391,3.2541,13.482
59.751,2.8155,8.9967
60.591,-1.448,0.89944
56.45,-1.9846,4.0572
69.913,2.5569,24.302
56.856,4.9004,16.192
53.196,3.3676,16.471
60.04,-2.3285,1.9503
53.85,-3.2989,7.1115
73.289,1.7003,27.107
54.308,-6.726,12.503
52.169,-7.8989,11.797
52.711,4.3362,18.057
63.491,0.94546,5.8063
62.32,-0.87625,2.5961
62.169,22.194,23.976
57.598,42.279,43.958
62.842,39.193,35.688
72.343,15.708,17.055
56.057,-3.9968,12.774
53.159,-6.9279,7.9148
51.561,-7.101,5.3776
55.369,36.912,32.497
70.54,31.76,32.733
56.438,3.1829,15.324
65.018,-1.6886,0.10204
64.818,42.814,39.41
71.945,23.59,26.161
69.11,5.6057,9.4576
49.604,3.2411,17.392
64.687,-3.2854,-0.68853
54.474,-5.3964,8.4644
47.346,37.832,40.446
60.676,6.5921,32.796
56.659,-4.4669,6.7032
62.946,2.9598,11.027
66.015,2.3527,8.3974
45.292,47.649,49.55
67.449,-3.0517,-1.9121
65.587,-4.9398,-1.1092
62.014,-4.7844,0.80308
47.342,24.084,37.369
36.017,31.667,43.31
58.7,-0.46325,14.759
57.291,-1.4277,14.178
55.798,-3.5144,10.445
54.043,-6.6888,5.8941
69.911,8.1143,16.447
72.471,-1.7144,35.146
62.452,43.103,41.748
59.523,2.9091,12.902
68.967,0.93281,6.032
69.01,-0.8294,2.9688
45.346,2.4827,15.637
68.678,-4.5707,-2.1715
62.552,-5.606,3.5897
58.897,29.276,26.642
55.306,46.899,46.907
60.158,-1.9771,7.6651
50.302,-0.41013,14.627
68.981,-1.7311,0.084127
58.403,46.302,44.616
55.865,0.58919,13.276
69.399,-2.2523,-2.3531
58.915,-0.076022,10.473
58.913,-2.7407,6.3383
56.74,-5.237,6.0847
69.308,34.317,36.424
59.309,0.98148,12.57
61.561,-1.8957,6.7963
70.941,-3.0219,-3.123
55.191,39.589,40.499
66.313,0.96658,10.302
68.469,0.87126,7.5483
68.927,-5.5823,-0.036322
51.114,8.8293,27.441
58.567,3.3953,15.178
63.488,2.5369,10.796
70.715,-2.8061,-3.6667
70.3,-4.8565,-1.7763
68.561,-2.2452,42.672
50.436,52.1,51.294
74.447,25.44,30.109
44.803,0.15924,14.184
69.155,-1.268,4.9549
72.532,-4.2821,-3.0853
70.775,-2.9272,5.9429
63.314,41.521,39.744
64.998,39.623,40.854
57.32,3.055,14.88
61.561,1.4699,11.167
63.396,0.27475,8.5381
53.83,-0.35348,13.844
72.284,-4.2464,-3.3072
57.734,6.2813,14.996
61.098,1.0292,11.752
36.169,45.921,44.581
30.471,32.376,37.604
25.475,37.644,34.411
35.639,46.892,44.964
67.142,34.767,39.074
74.034,12.221,14.709
53.433,5.4578,15.583
68.479,-2.9433,-2.0412
71.15,-6.1816,-0.039852
71.963,27.963,34.24
59.669,-0.80079,9.6515
67.618,-2.1569,1.972
71.484,-4.3286,-3.2588
60.917,32.602,29.258
55.273,40.023,34.953
53.404,42.571,39.885
42.44,53.87,51.607
57.471,47.784,48.048
67.496,17.72,23.176
76.997,19.147,23.452
54.767,5.3222,16.255
58.11,3.6355,13.393
61.216,1.9362,10.27
73.155,-4.9468,-1.8541
70.978,4.28,13.544
69.183,31.739,41.842
58.331,1.014,14.629
63.239,2.2821,12.817
69.546,-4.1599,-3.213
49.122,5.3899,37.616
55.637,51.359,51.373
71.534,27.468,38.204
74.856,22.047,32.934
48.693,0.42009,16.216
55.185,42.158,37.957
49.568,44.171,44.555
66.52,-0.15782,6.8677
42.059,50.487,49.237
48.993,3.8701,15.881
51.739,5.409,16.874
63.951,1.7854,11.879
65.475,-2.1817,-1.0386
73.251,-3.4098,-3.7158
56.865,3.3617,11.286
65.073,-1.7987,3.0278
66.912,-3.7035,-2.3675
67.224,37.361,39.668
70.537,31.737,39.228
50.533,4.7106,16.048
52.85,3.774,15.844
65.214,0.89791,9.7642
70.858,-4.3466,-3.2324
71.336,-4.6028,-3.0715
55.088,46.055,41.936
36.996,25.169,36.926
62.557,43.265,46.005
56.849,3.3965,14.304
32.136,41.216,39.375
48.023,57.751,57.276
61.138,2.5275,15.09
72.649,-4.9444,1.1249
60.413,37.149,35.608
40.925,-0.44413,15.856
46.113,4.5039,16.448
54.449,3.7305,15.078
48.09,47.822,46.802
70.501,25.758,41.5
43.747,2.0648,16.282
53.289,1.8,16.074
52.646,44.249,42.161
42.484,52.446,51.028
54.866,56.632,58.649
64.866,39.434,44.192
24.027,35.186,32.404
63.619,2.8583,14.291
68.527,-4.3015,-3.1983
62.659,26.925,31.339
52.666,44.216,42.047
49.383,43.638,42.495
73.581,14.736,21.696
64.964,16.553,27.444
50.016,56.502,56.604
65.237,8.7101,18.086
40.631,1.2523,16.462
49.473,4.8545,15.557
52.388,4.5577,15.946
72.3,-3.6703,-2.3004
73.143,-3.4819,-2.1049
70.681,25.287,37.231
42.193,1.6474,14.981
43.801,2.8583,14.814
63.223,2.9084,13.386
62.052,-2.3878,5.5876
65.907,-4.233,-1.9915
69.599,-4.3918,-3.3647
59.887,43.782,51.707
38.129,-6.6688,14.434
38.358,-3.3869,15.17
57.478,3.004,15.513
64.039,35.697,49.086
62.871,-3.4415,-0.36262
56.181,50.858,55.252
64.097,37.992,48.322
62.642,2.3262,11.131
60.794,0.32096,8.4056
74.294,-3.3466,-1.6372
65.44,32.671,47.729
72.372,18.443,30.34
52.482,1.9766,16.978
36.967,-1.0244,14.404
69.797,-4.4097,-2.0536
69.673,0.21942,18.577
46.094,40.359,39.015
60.408,45.84,52.445
53.967,40.128,38.609
38.315,48.773,47.313
58.185,47.148,51.545
61.203,37.805,46.492
46.401,3.8028,16.846
61.64,3.7141,15.388
66.456,33.51,44.704
64.475,36.566,45.751
41.263,-0.69921,12.057
59.158,-3.4883,1.2798
57.61,28.535,31.398
48.036,51.214,53.119
35.437,-5.6825,13.088
37.871,-3.0381,11.706
60.822,2.929,12.641
56.968,-1.9561,6.2756
67.539,-4.6225,-1.8736
70.849,-2.9903,-1.9652
73.219,-6.3495,8.4258
64.059,33.278,48.754
41.014,-6.5448,11.401
50.921,7.1693,18.472
62.72,3.9211,14.216
57.031,1.5711,10.812
66.514,28.305,43.482
35.67,-12.404,14.79
67.941,-3.2576,-1.9258
75.492,-3.2352,-1.7993
64.45,6.0313,35.615
41.7,30.311,29.963
64.85,32.784,50.787
45.52,-7.2464,11.597
68.473,-3.2794,-1.3152
73.497,-3.0728,-2.0304
68.476,-7.6482,39.041
46.718,37.215,36.427
48.466,-5.5529,9.6882
52.628,-0.16499,9.855
64.349,-4.2901,-0.86571
60.701,-16.482,43.005
59.092,11.687,34.627
28.859,22.464,30.357
63.805,34.221,52.198
61.885,37.339,53.151
65.034,-12.485,23.331
67.6,22.751,37.141
45.056,2.514,14.612
60.357,3.6564,15.548
54.406,-2.4281,2.8007
41.922,28.13,29.269
57.371,43.785,55.103
59.702,38.364,59.425
41.589,-8.5611,14.274
50.832,-2.6206,6.5212
68.995,-19.661,52.431
48.29,6.3425,19.827
60.633,3.56,15.513
68.336,-5.0962,44.267
59.256,33.319,45.081
61.872,35.027,54.556
64.574,28.105,47.344
64.031,10.206,22.519
53.046,-4.0596,9.8048
61.322,4.48,14.069
57.803,3.7131,15.395
53.491,2.7122,14.106
59.006,38.65,50.249
65.16,35.168,46.49
72.55,-18.729,58.839
42.641,13.388,27.608
53.41,40.524,50.691
61.029,37.615,50.299
56.654,8.7177,22.209
61.127,-2.9525,0.53911
65.276,-2.6147,-0.2952
56.768,-1.3201,8.9078
73.934,-2.9828,-0.63793
58.899,26.964,46.487
47.33,0.6677,10.36
63.855,-2.8065,-0.071798
66.642,-2.231,0.45572
70.066,-1.7833,-1.1971
31.246,10.195,22.936
62.951,22.618,40.537
68.741,15.56,29.924
63.144,-19.451,49.45
64.143,12.197,41.628
45.478,-1.9803,11.202
49.234,-5.6473,13.565
54.331,9.0534,22.107
49.233,3.8005,14.895
39.331,-15.604,35.87
19.296,-0.99801,22.495
65.565,14.197,38.133
65.795,23.306,42.131
59.69,5.5049,18.06
47.813,-3.2124,7.0265
57.662,-2.4724,2.1241
56.619,-15.821,38.112
54.264,3.9044,15.757
60.004,33.311,47.682
61.391,2.2954,10.253
64.388,-2.6884,2.1299
61.253,-1.1576,11.626
52.236,0.16789,13.687
62.188,-1.9318,1.0994
72.36,-1.6613,-1.6366
60.333,30.19,58.195
43.761,-2.5667,10.138
68.705,-2.0213,0.12654
65.325,-19.827,41.091
50.152,-4.8217,24.272
67.787,4.8411,32.49
49.213,2.6828,16.815
59.392,4.1379,15.491
59.564,5.7371,14.235
44.908,3.2864,14.486
41.422,1.5165,11.446
53.226,-2.9153,5.027
40.287,-13.972,39.127
61.123,-24.12,50.291
54.484,32.089,49.982
58.618,38.616,51.903
56.979,5.1411,14.428
65.078,-22.172,50.125
62.8,31.163,45.282
57.825,-0.27696,11.592
53.755,-25.409,50.995
65.999,0.23679,33.877
61.151,32.697,46.4
67.73,10.864,22.057
56.729,3.431,13.914
52.011,7.0148,19.755
53.007,8.1446,22.947
56.237,8.6334,23.415
54.284,-16.661,39.361
66.093,-9.6526,36.152
53.017,5.6665,16.8
54.814,-1.8062,12.467
50.159,-2.1657,7.3874
61.374,-29.217,53.549
40.656,2.5815,15.729
57.632,30.397,52.047
61.388,-22.843,48.069
39.192,-7.0841,26.467
50.692,3.5538,14.336
38.756,1.4754,13.863
55.905,-2.0072,3.8853
59.615,-2.6295,2.4367
42.175,-19.649,43.796
61.592,-23.345,50.137
58.818,-12.165,35.945
63.116,14.913,42.964
59.485,34.087,47.483
60.97,21.365,44.639
60.288,2.4388,12.923
42.398,0.082141,12.802
46.271,-1.0318,10.11
59.017,-21.744,49.11
56.692,31.862,54.518
53.591,4.4364,14.809
66.44,-2.066,0.31996
70.976,-1.9433,-2.0799
61.098,-17.583,28.771
62.753,-25.966,56.177
58.83,19.979,49.213
63.301,16.36,34.27
57.629,4.3562,15.551
54.985,3.7692,16.843
63.192,-1.9179,0.88284
34.121,-15.667,35.008
53.536,0.74266,12.614
47.621,3.1885,13.367
56.934,-20.775,50.485
64.563,6.0004,41.37
60.829,27.595,50.594
54.118,5.4918,19.491
39.099,3.6144,13.35
52.247,-0.94193,6.5778
59.326,-20.408,43.827
59.595,-13.236,37.196
45.765,-15.108,41.021
57.904,22.123,54.811
61.166,3.1427,10.899
55.964,4.7361,15.338
61.062,1.6539,13.228
57.619,-21.615,42.95
54.232,-27.816,48.664
62.259,10.129,25.727
52.682,3.1634,15.528
65.093,-18.327,46.346
54.529,-23.39,50.155
69.73,-2.8991,38.171
63.289,25.042,45.31
41.778,3.655,13.359
59.406,-22.537,45.65
70.997,-9.942,37.848
61.173,18.763,49.602
50.197,-3.1625,6.1358
52.953,4.5059,15.78
64.357,-26.966,51.197
55.401,-25.431,52.199
44.275,3.727,12.654
38.27,3.1976,14.218
63.065,12.458,45.287
55.629,2.5149,15.334
49.497,4.3696,15.945
26.453,-13.978,28.978
50.073,-18.497,42.583
62.318,4.9813,17.308
51.539,3.6311,15.687
57.78,-1.3095,3.1075
61.596,-1.4174,1.6637
76.431,-11.482,19.074
66.789,-23.311,53.449
55.396,-25.568,50.599
62.115,-23.105,57.8
57.863,-28.091,54.363
66.197,15.929,47.674
66.049,18.127,37.798
53.133,0.25641,11.429
55.675,5.4042,14.556
59.238,-25.439,49.239
65.297,-1.4365,42.839
53.188,-2.7261,7.7824
40.476,2.2902,12.638
48.961,-0.18018,8.6162
55.197,-0.95108,5.1273
55.281,4.434,12.088
50.327,-6.7811,2.6126
44.894,0.14614,11.032
59.541,-26.043,55.478
66.546,-13.149,45.067
62.414,13.189,49.387
50.636,3.5572,17.579
65.352,-25.114,56.086
65.709,-22.429,53.827
67.178,-0.59864,-2.8652
61.947,-30.237,55.49
64.941,-19.152,49.52
60.146,-23.031,50.994
51.273,-5.6002,4.1218
43.855,2.1565,11.877
39.447,1.5553,11.562
66.263,-3.3645,2.5921
57.452,2.7403,14.54
53.416,4.4247,15.503
49.933,4.4483,15.764
63.977,15.115,44.702
67.888,11.408,35.521
53.173,2.5437,15.544
45.578,4.8205,14.651
42.065,0.27624,11.738
62.729,-17.086,32.337
71.21,-15.136,34.764
59.852,-23.768,54.036
76.51,-21.956,60.728
62.12,-27.125,49.329
57.669,0.21071,7.0181
49.031,-8.6984,3.1754
53.873,4.4665,16.159
41.893,3.1047,10.883
59.12,-27.006,53.375
61.544,3.4657,12.309
59.574,3.2673,9.5641
53.023,-0.66877,6.9151
63.329,-25.568,52.174
63.038,-20.267,52.936
64.762,4.8685,47.733
65.265,-24.44,51.286
59.317,-21.454,52.628
64.673,-29.191,58.645
67.883,4.5193,21.049
44,3.3055,13.195
37.959,0.69182,12.248
58.608,-1.282,3.9505
64.286,-1.1865,1.549
69.672,-25.108,57.058
68.414,-21.938,45.447
66.33,-2.8576,48.589
48.381,4.4616,16.239
55.422,-2.2603,5.8507
48.468,-8.7217,0.75721
65.361,-20.802,54.628
50.856,-24.834,47.454
59.901,-22.917,54.049
64.542,-27.474,44.122
61.407,12.158,49.454
65.319,10.203,41.531
47.92,3.5203,13.841
44.036,1.2925,9.6026
41.571,0.84121,8.878
63.244,-26.283,54.687
53.379,2.454,13.021
56.351,2.3645,11.281
48.732,-11.154,2.2278
50.837,4.0434,15.652
46.885,-0.37567,9.3476
62.61,-22.733,57.345
65.307,-24.623,51.989
65.763,-26.31,53.944
66.207,7.1443,29.562
55.596,2.4982,14.784
50.1,3.3543,13.517
63.525,-27.17,53.336
42.371,2.3231,11.295
39.531,0.33162,7.9768
40.744,-1.1967,10.109
59.275,-22.52,50.551
62.191,-31.674,52.05
58.859,-23.397,47.28
58.049,-26.044,46.211
67.875,-13.167,46.037
51.072,2.2876,14.96
65.015,-30.392,52.372
62.748,3.8689,13.522
52.959,-7.2114,2.9561
42.961,1.7109,7.2647
60.008,-12.316,21.377
60.75,-28.234,54.153
46.126,2.6199,11.572
43.591,-0.91552,9.8917
63.358,-23.107,56.633
56.926,-23.423,55.54
59.066,-23.479,54.923
63.85,-27.147,50.722
68.963,-2.1876,50.622
66.319,5.252,50.266
49.754,-1.0205,7.6554
63.616,-24.35,48.238
52.933,-27.18,45.859
55.995,-30.803,43.337
59.673,2.5099,14.999
55.75,2.1731,13.957
48.319,3.0279,13.653
57.426,-22.509,49.557
55.356,-22.453,52.152
54.535,-28.593,46.707
63.552,-27.181,57.88
71.436,-8.1413,53.565
42.759,0.18647,7.7969
54.571,-0.73725,5.013
60.134,-0.30415,2.3708
56.422,-25.174,46.827
55.604,-7.3474,3.2362
67.336,-22.175,54.471
54.415,3.0734,12.37
44.403,2.0546,11.119
61.289,-3.6035,5.9096
42.678,2.0964,11.865
59.937,-24.904,54.334
57.4,3.0307,13.128
60.126,-4.3739,5.0621
52.101,-29.048,47.95
58.194,-30.091,49.004
51.581,-23.324,38.995
59.487,1.7748,11.654
43.079,0.42966,10.88
57.95,-28.473,47.85
58.026,-29.774,49.538
58.275,-28.005,49.725
65.986,2.2906,27.015
63.077,0.48302,7.9959
62.434,-30.218,49.239
54.079,-32.132,48.251
69.38,1.7262,47.321
67.489,6.9565,41.964
58.404,3.6234,14.136
44.814,-0.034188,9.5942
57.537,-27.267,49.115
55.995,-27.638,48.59
52.761,-28.951,47.317
42.859,3.0719,11.272
53.712,-28.901,46.693
60.676,4.2116,12.818
63.008,-0.85848,8.6685
46.671,1.6409,13.122
61.659,-29.417,57.202
54.086,-28.312,47.492
49.288,-29.414,45.096
62.053,3.2568,13.885
61.7,3.5293,13.62
62.646,2.4329,11.855
46.566,0.68504,10.959
51.928,-27.868,47.572
57.161,-29.281,49.338
53.988,-27.923,48.419
43.734,-0.49046,10.141
60.086,3.6411,15.647
44.816,1.8792,10.809
43.547,0.13915,11.2
45.379,-0.57834,11.196
70.451,-12.446,50.706
58.33,4.3917,14.784
61.917,2.6813,13.412
43.282,0.40805,11.728
51.409,-23.578,50.255
57.23,-29.22,52.759
70.462,-3.3117,52.907
70.559,3.9342,44.73
53.275,-23.404,51.878
55.04,-30.015,51.331
49.964,-32.041,45.78
62.153,-29.326,49.169
57.576,-1.928,6.8361
59.094,-34.995,55.769
65.499,-25.371,48.61
43.699,0.19299,11.349
73.14,-24.011,60.712
43.367,-23.892,45.103
50.077,-22.377,46.338
45.914,-31.105,43.818
72.71,1.6032,48.598
59.24,3.4603,12.582
45.18,2.3358,14.503
50.021,0.32996,8.6548
53.067,-33.218,49.2
54.994,-31.129,49.616
43.788,2.132,10.232
58.319,-29.736,55.977
57.437,-22.886,53.097
49.973,-26.937,45.938
49.7,-0.99238,23.952
45.757,2.3725,10.729
42.49,0.5681,10.296
42.951,-0.27871,11.031
41.324,0.43169,13.128
54.553,-38.051,48.314
52.325,3.4743,13.039
58.847,4.2053,14.703
54.751,4.0502,16.576
57.439,-28.704,49.993
55.275,3.7827,14.008
54.083,4.4898,16.384
51.897,4.9306,17.076
46.731,1.1881,10.939
56.682,-29.142,49.832
49.37,-32.779,45.687
47.722,-37.62,45.754
74.682,-2.3031,53.566
42.626,-0.28048,9.9731
55.048,-18.047,32.063
48.33,-27.366,47.413
50.784,-28.466,46.089
51.568,-29.38,49.833
53.972,-26.094,45.909
72.283,-8.2697,58.294
51.953,2.844,15.673
47.87,-24.738,47.529
56.85,-25.362,48.74
47.602,4.7164,18.096
44.347,3.2661,16.823
43.582,5.0226,17.355
41.002,-22.501,42.386
44.886,0.34604,9.8566
54.359,-25.257,53.95
46.319,4.3715,17.307
45.822,0.85302,12.484
45.12,-30.197,42.98
47.151,2.207,13.541
45.58,1.9319,9.6281
44.575,-0.24956,9.9717
43.167,-3.3025,15.115
50.457,-27.854,43.814
48.339,-31.354,41.899
69.724,-28.05,48.149
74.768,-9.2733,66.403
61.058,-34.862,48.789
26.808,-20.357,31.869
50.313,-29.484,47.994
45.905,-28.529,40.496
78.731,-5.6746,56.392
36.173,-1.0428,15.827
43.212,-0.015876,17.549
40.589,3.6237,16.68
39.516,2.8948,14.728
43.493,2.6106,14.789
41.939,-0.61812,8.9492
43.629,0.31491,13.327
51.172,-28.142,48.847
75.918,-4.7705,62.269
46.218,2.9154,11.321
42.87,-0.072656,8.2274
55.267,-36.828,53.494
54.208,-29.163,51.467
52.007,-23.111,46.623
37.516,-3.3258,12.798
37.711,-1.8547,15.064
38.592,0.8681,12.897
55.545,-25.922,52.843
53.26,-27.531,49.523
51.847,-28.341,48.298
81.034,-8.3422,63.772
37.741,-1.2651,11.422
52.927,-28.078,43.014
48.46,-29.282,40.762
48.805,-24.694,48.068
53.925,-25.571,49.3
43.833,-31.451,43.35
74.618,-7.4767,66.543
42.386,-0.98238,11.268
56.839,-28.417,53.541
34.48,-6.452,13.373
39.466,0.99282,11.67
49.397,-27.294,47.373
47.094,-31.876,42.939
38.816,-2.9998,7.8746
44.867,0.056633,8.2565
40.126,-1.3548,9.668
54.751,-31.141,43.355
50.039,-29.394,48.497
71.012,-13.308,47.802
44.442,3.0481,14.421
44.898,2.0549,11.069
45.096,0.10335,10.33
43.736,-1.6308,8.0744
54.839,-27.094,53.193
51.083,-25.082,51.332
42.892,-30.832,41.517
48.53,-32.281,32.139
77.723,-11.734,64.735
77.542,-7.0291,70.75
32.116,-6.7631,12.681
37.569,-4.7078,7.2512
43.329,-8.5988,16.384
37.477,-22.916,38
30.779,-9.7209,11.746
40.193,-2.939,8.1967
41.687,-2.3047,6.9081
50.277,-25.821,49.767
56.92,-24.873,50.837
80.483,-7.551,68.167
44.789,4.2242,11.273
47.231,-26.04,46.867
83.174,-8.8002,69.814
42.268,2.4975,16.686
48.123,-30.677,48.858
43.83,-28.798,42.236
38.174,-15.13,30.79
44.961,-0.93262,9.0599
44.795,-5.5561,6.308
47.867,-26.393,48.757
79.324,-9.084,72.857
32.474,-9.1156,13.46
39.775,-7.3233,4.8364
40.791,-6.3604,4.9098
48.932,-28.031,47.243
53.293,-26.063,48.573
40.351,-5.0393,11.976
38.819,-31.876,37.551
32.375,-28.518,37.194
47.536,-28.305,47.539
43.784,-4.8061,5.4683
58.112,-39.994,53.73
50.892,-26.977,48.91
45.215,-27.148,48.03
46.203,-24.968,48.707
37.546,-25.627,21.728
50.252,-23.586,46.712
46.832,-28.992,45.86
40.126,3.9363,15.362
41.727,3.6367,15.226
42.62,3.6049,15.254
44.291,-2.3245,6.4142
50.036,-29.812,51.329
44.178,-24.127,43.97
48.205,-22.866,46.483
44.689,-32.758,44.534
76.844,-14.994,50.165
49.169,-1.2969,6.4444
52.547,-23.774,51.392
50.519,-28.806,49.164
40.971,-4.0245,5.8706
50.84,-28.495,49.785
46.88,-38.217,44.46
78.908,-8.9608,66.91
28.253,-9.6981,14.967
51.297,0.1469,9.3022
46.106,-0.54921,7.1206
46.146,-2.3129,10.835
42.599,-2.718,4.2269
56.337,-33.445,46.099
79.95,-8.6079,71.814
54.221,0.079518,7.9334
43.638,2.1902,11.649
40.472,-29.5,41.422
48.139,-20.177,43.363
45.454,0.65914,9.2586
46.885,-35.252,33.101
81.009,-8.3189,73.124
55.739,-23.739,32.846
48.43,-28.162,49.879
42.028,-31.574,43.046
46.278,-34.569,45.039
29.096,-19.262,17.776
81.937,-6.1622,47.2
39.03,-31.6,26.332
79.581,-7.1665,68.808
46.058,-3.3155,7.5642
43.046,-7.7968,7.4545
29.217,-7.9209,17.132
34.548,-6.7655,13.837
57.082,0.58039,8.5689
45.565,-1.7918,5.7525
43.427,-5.9753,3.0898
59.27,-25.017,56.309
56.831,-25.244,55.072
42.966,-35.062,44.673
78.675,-8.5203,73.447
80.05,-11.411,61.067
44.602,-7.3168,5.9822
41.733,2.4659,12.505
43.57,-2.9034,3.6923
47.848,-30.802,49.722
41.138,-6.7137,6.9327
39.797,3.5388,16.401
41.268,3.5482,15.747
27.853,-7.8621,15.625
40.626,3.1162,15.419
38.27,-16.942,39.093
58.782,-23.108,54.115
41.464,0.35586,31.89
37.84,-14.231,28.17
45.756,-0.78889,7.1413
56.202,-28.364,54.259
42.209,-2.8701,12.893
45.555,-24.554,42.978
50.122,-31.541,50.117
45.959,-21.96,44.125
55.792,-26.218,55.263
77.736,-7.3456,72.541
50.008,-1.0186,11.446
42.544,-4.8429,2.2244
36.042,-26.498,37.415
47.888,-33.401,46.758
49.641,-2.0737,8.8243
57.961,-40.098,46.03
44.098,-28.378,45.981
62.995,-24.981,59.268
78.885,-8.7915,69.987
60.067,-27.231,59.155
44.648,-32.825,44.9
41.483,-4.9948,9.2113
15.663,-20.908,17.055
10.116,-14.006,12.225
45.387,-21.351,45.876
21.634,-14.994,12.435
28.852,-15.261,19.094
60.519,-13.046,37.128
68.745,-22.441,62.822
56.467,-27.548,57.186
51.498,-25.109,51.703
33.422,-26.362,20.492
40.233,3.0553,15.564
40.182,2.4103,15.093
39.322,1.9099,14.65
44.045,-0.80523,8.8965
54.662,-18.438,23.54
45.91,-30.7,47.805
44.805,-29.087,46.664
48.772,-36.807,45.932
78.862,-8.6861,76.551
55.317,0.43579,9.8711
41.497,-7.9166,9.2714
43.657,-8.8906,8.4468
41.076,1.0815,10.781
33.385,-19.477,35.223
42.982,-27.245,44.847
53.353,-24.439,51.434
43.028,-7.6792,0.0086901
52.781,-23.162,53.558
62.459,-22.989,59.339
40.286,-37.386,29.343
50.513,-2.0421,9.4687
45.805,-8.9681,7.2793
58.754,-39.424,42.42
45.831,-23.449,46.552
78.46,-7.7024,75.387
76.912,-10.319,56.734
44.646,-2.1707,2.3898
44.438,-5.1229,0.34956
43.417,-29.904,44.772
64.057,-21.485,63.492
47.407,-26.094,48.592
75.029,-9.4462,50.634
32.124,-8.3195,17.493
44.523,-4.1823,10.175
45.296,-1.7341,6.4951
59.334,-47.141,43.868
38.106,-28.659,42.282
30.383,-19.075,33.721
38.834,2.915,12.076
73.232,-17.626,68.002
37.954,-3.3476,15.515
38.967,2.5759,13.437
50.816,-35.013,47.398
47.977,-30.628,47.634
77.44,-10.699,71.436
40.283,-7.0226,10.981
39.842,-8.8515,10.83
60.989,-12.873,25.14
58.16,-27.019,57.649
50.632,-36.722,47.627
31.736,-18.203,27.978
76.768,-7.1757,74.756
47.146,-1.1349,14.045
46.367,-1.8578,3.3004
13.64,-17.928,14.088
42.671,-14.192,32.241
55.358,-27.459,55.146
70.271,-11.993,37.524
55.239,0.86728,11.777
62.747,-27.636,60.783
53.562,-22.965,55.872
26.321,-24.324,18.177
44.002,-32.922,47.031
35.714,-34.053,33.539
40.957,2.2687,13.039
60.127,-21.569,60.033
41.292,-8.9792,10.97
41.206,0.4327,11.903
46.115,-7.064,-2.6036
50.704,-31.251,49.32
43.517,-8.5004,10.475
45.447,-9.7269,9.3386
40.121,-0.40908,11.576
44.728,-22.34,45.286
47.467,-22.314,50.201
76.13,-8.0546,71.767
60.087,0.92937,8.8909
55.126,-2.418,8.7896
27.745,-19.012,32.042
58.252,-26.361,58.072
42.16,-0.45723,7.9066
53.289,-16.47,15.723
50.553,-27.209,50.825
41.214,-36.336,26.693
73.615,-9.2911,64.918
76.435,-8.688,73.551
48.649,-4.6853,-1.3529
23.52,-10.751,15.416
78.239,-9.7765,73.048
39.679,-24.849,40.105
46.745,-22.794,49.806
62.614,1.8423,10.359
39.385,1.6482,12.167
48.113,-2.4267,2.0372
50.688,-6.107,-5.405
49.022,-23.788,45.163
59.426,-23.592,54.615
54.016,-45.599,41.288
48.385,-34.436,49.274
37.065,-27.357,41.251
55.121,-8.306,47.688
65.849,1.5357,8.2438
40.889,-9.0957,10.834
42.987,1.3834,11.772
43.175,-0.16815,11.515
52.524,-25.567,51.566
57.408,-24.973,59.155
35.836,-6.6415,17.403
49.762,-4.9893,8.7438
43.197,-7.9712,9.763
39.369,-8.9286,10.987
42.619,-9.8781,12.063
59.797,-50.889,40.196
53.726,-38.412,43.273
47.676,-25.613,47.14
57.993,-24.429,58.261
70.38,-17.966,69.671
43.994,-20.72,47.531
28.491,-19.003,24.271
53.163,-4.9114,-3.3943
50.284,-24.317,53.94
73.52,-9.3019,58.35
56.179,-9.8943,29.118
23.826,-24.401,23.349
45.675,-20.622,37.792
74.902,-6.5766,72.602
41.299,-0.65946,13.526
50.986,-3.5743,-1.0766
41.225,-30.693,44.434
40.957,-28.492,43.384
45.18,-1.944,6.5389
54.529,-9.9658,-0.45109
53.914,-28.538,53.297
32.088,-33.563,27.741
53.557,1.1392,12.072
49.916,-24.784,52.542
75.559,-6.8671,74.919
62.961,0.041645,8.0014
39.529,-0.08247,12.286
38.456,-35.354,25.818
40.401,-0.10106,9.3633
45.543,-24.098,47.405
44.664,-23.803,46.686
54.274,-25.535,49.687
52.67,-33.815,50.352
42.275,-9.9737,11.165
43.58,-9.6169,11.971
60.906,-21.909,61.384
61.415,-28.828,60.142
29.854,-29.71,21.249
66.874,-9.6311,44.694
58.668,0.35746,9.7338
44.666,0.53935,11.576
23.37,-18.861,28.123
73.608,-7.5282,71.537
43,-0.27573,11.904
56.306,-28.2,56.224
59.436,-0.055282,9.2406
58.148,-4.9895,-5.4146
51.656,-28.102,50.081
48.394,-33.643,47.653
64.873,-23.529,65.062
19.616,-3.0043,12.239
46.705,2.475,13.764
40.469,-7.8328,11.056
56.104,-44.699,41.253
49.572,-2.396,3.0924
64.281,-5.7962,60.899
46.754,-6.3054,8.9203
42.317,-10.639,12.048
32.094,-27.622,28.246
62.952,-54.057,38.978
56.716,-19.467,33.802
49.765,-25.464,49.263
46.635,-25.572,48.926
30.469,-20.138,28.551
50.275,1.179,12.942
56.435,-0.81655,7.8364
58.901,-12.486,13.311
48.624,-34.016,48.117
57.588,-24.239,58.634
73.014,-5.7801,72.43
55.499,-3.2885,-3.0405
40.697,-23.178,37.712
27.935,-13.979,23.204
49.633,-25.777,51.311
52.493,-27.154,53.427
39.052,-2.3468,17.397
40.466,-0.52204,11.193
51.418,-23.25,34.322
56.493,-28.004,57.613
41.917,-31.466,43.366
41.166,0.83258,11.899
61.663,-39.335,44.992
41.661,-23.397,45.684
60.82,-27.26,60.139
36.052,-29.58,36.892
73.289,-8.8908,67.659
41.6,-9.6328,11.197
51.277,-5.7608,28.245
43.608,0.65174,11.298
39.436,-26.662,43.672
47.933,-25.039,49.874
30.337,-20.249,26.65
45.288,-8.534,46.36
46.353,-2.3368,7.0064
61.949,-25.039,62.473
35.56,-33.889,38.038
51.423,-3.7541,10.45
54.403,-3.6503,10.106
45.861,0.68527,10.179
23.926,-19.555,13.969
41.612,-10.379,12.476
55.149,-47.396,37.867
47.856,-28.279,40.879
53.023,-31.957,51.449
23.344,-10.412,15.927
43.771,2.3653,16.204
50.958,-4.3601,8.9477
58.215,-45.243,44.423
41.006,-9.8639,11.221
61.121,-52.078,35.871
48.632,-29.566,49.676
72.064,-7.7955,69.484
44.454,-3.9187,11.769
44.89,-6.8949,11.828
46.045,-34.022,46.544
69.92,-3.2179,71.691
42.383,-2.8332,11.342
63.215,-29.443,58.955
66.762,-8.8608,46.221
53.435,-4.2532,0.24632
58.077,-27.722,59.323
36.683,-9.5781,12.322
44.97,0.38332,10.317
41.84,-0.060961,10.878
55.638,-12.94,18.689
57.993,-24.102,57.689
38.159,-35.104,41.189
45.063,-5.2533,7.8675
40.744,-8.5821,8.8151
43.366,-12.645,9.6267
44.886,-28.524,47.116
26.579,-19.819,21.935
44.944,-1.0515,14.33
39.008,-5.2966,13.921
47.369,1.0831,8.9482
56.758,-29.811,30.737
47.135,-27.175,48.95
36.211,-9.6946,10.975
27.209,-25.072,27.568
41.53,1.8815,17.992
54.898,-26.827,54.101
55.146,-28.755,54.904
39.276,-36.594,39.515
69.639,-8.6285,58.156
57.383,-5.4029,30.168
52.187,-25.921,53.224
49.049,-3.8604,2.4319
57.484,-19.117,31.842
52.847,-28.244,50.757
32.296,-11.637,10.463
44.126,-0.1623,10.02
40.846,-1.0897,11.915
50.916,-29.535,49.989
58.551,-30.092,56.364
46.494,-33.119,46.501
33.266,-29.408,31.361
34.134,-9.1391,12.637
41.945,-8.5847,9.4721
39.35,-7.7298,8.937
35.13,-18.503,16.272
50.53,-27.741,51.735
59.76,-30.256,53.904
41.652,-7.3105,7.4448
57.158,-48.09,28.12
49.54,-31.755,43.974
37.71,-29.099,40.902
52.893,-29.605,48.225
33.955,-13.381,11.181
50.632,-24.553,50.506
56.166,-30.364,53.248
25.431,-24.214,15.412
35.228,-11.26,9.0444
43.985,-3.2743,6.62
46.469,-26.124,47.819
35.061,-35.639,38.273
34.836,-12.269,39.347
71.792,-7.7053,71.274
38.805,-1.4001,17.583
49.226,0.29174,8.822
48.823,-1.5195,9.245
46.746,-0.39965,10.105
54.121,-45.648,37.699
44.782,-28.512,21.025
61.177,-29.791,57.304
65.795,-6.8369,64.749
38.868,-4.564,7.6215
60.188,-46.747,19.553
43.125,-26.406,43.917
44.03,1.6684,17.683
33.666,-6.5603,17.473
48.173,-26.52,47.963
39.374,-7.1362,7.1256
46.277,-27.701,47.286
50.88,-30.924,52.03
44.122,-31.216,44.572
69.458,-9.5919,62.312
59.125,-42.03,8.2179
53.074,-29.689,49.984
54.972,-31.35,52.392
38.373,-9.5411,7.6719
63.307,4.7576,16.359
43.299,-0.29606,9.9172
23.811,-20.141,19.038
29.394,-11.914,12.78
46.771,-1.4301,7.5637
52.183,-29.824,49.562
36.376,-11.761,9.0086
39.853,-0.62587,11.427
33.726,-22.698,27.006
51.808,-41.57,27.344
45.815,-0.84172,8.5136
53.631,-10.032,20.508
36.389,-19.377,9.9921
47.604,-29.197,45.592
48.753,-30.507,46.137
44.549,-17.044,15.101
28.278,-10.138,16.441
62.832,2.2249,11.778
47.959,-0.45583,7.5001
67.656,-8.9698,50.558
36.04,-1.3741,17.794
41.735,-3.3502,7.9541
46.67,-8.1411,9.7183
47.722,-37.928,16.723
61.625,-6.2319,36.828
33.669,-12.426,10.462
66.417,-42.339,-0.54802
57.813,-34.222,-6.0452
57.841,-26.258,54.243
55.882,-31.565,54.025
34.476,-35.971,37.969
48.199,-20.589,43.817
34.956,-9.6465,25.721
31.404,-12.306,12.492
52.428,-26.079,51.438
30.904,-6.1,18.16
41.349,-0.15161,11.431
50.891,-28.797,43.814
46.573,-32.086,47.197
71.541,-11.856,65.277
64.374,-6.7208,66.131
39.596,-29.59,43.129
24.852,-13.293,14.841
63.373,-31.855,-15.545
54.252,-28.3,49.246
49.887,-28.386,45.392
26.953,-14.527,14.668
30.088,-13.34,13.128
46.271,-0.034247,8.8087
40.493,0.74631,18.323
49.216,-1.3719,10.39
68.635,0.97435,11.364
44.635,-0.71544,10.674
38.536,-0.3285,12.645
39.905,-29.401,3.6589
46.935,-26.034,44.464
51.047,-30.749,50.454
71.085,-10.022,68
55.955,-2.2988,22.867
55.55,-37.219,5.1331
66.444,-28.063,58.239
57.546,2.7204,12.086
46.131,-29.9,2.0851
39.451,-3.4867,11.316
18.817,-12.584,13.21
41.26,-10.031,32.466
56.501,2.8347,12.793
23.904,-22.117,8.1521
52.595,-30.106,49.744
59.203,-26.11,52.33
48.417,-31.48,48.111
27.549,-11.31,12.893
61.565,3.9132,14.517
62.332,2.5712,14.264
34.909,-20.633,3.6173
66.478,-19.165,47.513
60.39,-13.177,46.97
55.282,-32.247,-7.0016
27.299,-7.2943,18.126
50.285,4.0286,14.479
67.166,-36.182,-12.296
65.635,-8.0051,37.139
22.737,-14.825,14.513
46.274,-1.6734,11.348
56.249,-25.873,-18.192
42.061,-25.724,37.486
53.358,-29.029,48.017
62.239,-29.472,58.44
30.839,-34.497,34.177
24.231,-10.396,15.933
23.858,-16.031,16.048
64.131,1.4809,13.604
44.478,-0.06139,9.6843
42.108,-11.768,17.165
45.298,-0.40217,15.798
33.862,-3.7723,18.18
69.394,2.5187,13.542
46.045,6.5643,17.184
34.609,8.304,17.394
37.277,-3.272,14.678
49.449,-30.825,47.563
41.695,-3.9354,12.404
33.146,-29.025,37.337
43.087,-33.6,45.703
41.029,4.8782,16.342
46.282,-31.668,45.142
49.072,-30.599,47.295
54.385,-27.448,51.462
46.672,-29.939,46.74
42.894,-0.45597,10.531
37.554,0.31983,14.517
69.264,-12.346,62.681
41.014,-0.20373,11.701
55.327,-30.205,54.517
23.302,-27.686,26.205
36.086,-25.526,29.908
52.754,-0.022699,12.375
62.22,-24.624,-24.659
59.756,-26.165,-21.173
51.962,3.9679,16.74
45.191,-21.865,-15.303
27.517,-17.808,22.871
50.7,-30.51,51.789
51.981,-27.412,51.848
67.973,1.8504,14.165
56.604,-26.342,-17.557
46.949,-25.729,41.153
58.283,3.7835,15.918
43.269,3.8366,14.3
44.691,-27.677,41.931
30.648,-27.333,35.643
39.57,-32.061,41.663
59.053,-20.634,50.061
50.7,3.9604,16.03
18.48,-14.696,4.4011
25.354,-22.668,28.72
27.635,-31.747,29.849
36.937,-3.957,13.785
58.673,-16.4,-33.576
56.042,-19.131,-27.731
43.752,-22.98,-9.0466
46.97,-32.166,44.903
25.628,-20.763,18.714
59.201,-2.1599,16.771
70.535,0.047229,13.52
35.097,-2.3332,15.772
61.832,-10.7,-43.07
39.823,-33.182,42.898
42.778,1.7797,11.103
53.534,-6.8454,-41.562
45.984,-32.401,46.461
38.776,1.4558,12.659
28.345,-23.329,9.7618
47.996,-31.927,47.143
63.155,-12.79,50.564
52.669,3.0402,14.256
50.092,3.6146,14.718
41.478,0.29046,11.527
46.468,-32.466,46.255
11.47,-3.7691,11.211
44.417,4.3589,17.086
35.669,5.077,16.348
43.65,3.7937,17.239
36.447,1.013,14.151
54.885,-19.938,-25.063
36.971,-22.382,31.689
44.967,-33.829,44.661
42.275,-3.4766,12.784
48.192,3.3825,15.907
56.896,0.29992,10.485
51.888,-0.53698,10.902
63.933,-10.945,35.082
34.537,-5.1552,12.306
77.398,1.4772,14.627
60.483,2.2559,15.094
36.087,4.5681,21.592
45.275,-9.4849,14.738
55.159,-12.155,-35.898
47.647,-28.649,43.013
73.621,-18.098,61.319
41.203,-31.425,36.631
47.244,-28.876,48.989
39.469,-32.912,38.273
15.6,-20.335,18.268
67.492,2.1524,16.206
42.063,3.8414,14.643
54.447,-11.654,-36.212
46.597,-32.363,44.249
19.468,-19.423,20.202
31.635,-34.798,32.499
44.183,1.6046,12.365
35.397,0.73329,15.873
25.7,-10.918,-10.519
39.672,-11.322,-24.368
62.234,2.961,17.05
41.862,3.2511,18.416
51.306,-13.799,-30.99
42.543,-30.751,41.135
43.763,-33.376,45.328
48.367,-31.568,50.292
57.41,-30.294,52.231
33.007,-29.044,36.408
38.101,6.851,17.289
56.729,-18.786,-26.396
52.486,-28.024,48.265
43.498,-26.748,41.4
27.339,-26.941,24.089
37.684,1.5459,14.44
50.7,3.381,-51.408
55.005,-7.1268,-42.364
41.854,-29.821,40.687
37.91,-26.732,38.302
21.139,-25.708,22.572
32.392,-3.6931,25.043
40.715,1.3421,12.934
46.395,-32.468,42.926
37.267,-30.738,39.534
40.158,-33.116,36.646
63.38,2.6654,16.135
37.55,2.5782,19.769
46.989,-20.062,18.992
19.148,-13.676,6.4871
35.234,-29.379,39.772
33.979,0.38616,22.395
30.775,-24.732,25.214
53.479,-7.5881,13.833
58.104,2.69,16.219
31.946,6.5721,19.661
33.997,2.2381,20.68
43.888,-29.364,44.261
58.323,2.3111,22.432
36.003,4.2766,13.855
36.619,-8.2755,21.395
53.637,-3.4775,-45.726
45.751,3.8839,14.285
34.168,0.31636,16.303
40.648,-29.215,40.265
31.343,-5.1685,4.5329
39.861,-2.6964,4.2578
51.819,-1.7942,11.462
49.664,4.6762,19.065
41.764,4.2183,15.179
30.087,-3.0383,25.156
45.361,-11.366,-29.937
27.185,5.7994,17.75
30.443,3.6715,20.605
36.128,2.6746,20.17
43.224,-28.327,37.325
50.594,-29.167,50.382
40.852,-31.309,42.334
49.339,-28.76,36.755
10.025,-13.49,11.342
68.807,-16.456,57.706
46.708,3.5296,25.449
39.281,-4.0128,24.372
42.412,3.7492,12.784
27.407,6.1965,-37.502
38.572,-25.859,40.047
34.455,-3.7778,23.005
37.797,-2.3179,-35.324
36.915,-28.703,35.916
19.103,5.9944,14.652
38.986,2.5518,13.132
35.941,2.9324,14.619
37.346,-24.182,26.069
44.719,-32.322,43.919
27.281,-28.795,27.233
28.694,-14.052,17.255
34.137,4.823,24.576
27.935,-21.306,6.9768
39.513,-15.941,-18.974
30.784,-21.235,10.907
25.165,-24.253,22.399
8.471,-7.2414,8.2901
21.076,-16.821,14.473
32.421,-31.473,30.756
44.055,-1.2161,-40.382
54.382,-26.744,44.591
46.74,-31.464,45.434
29.802,-29.079,32.839
17.38,-18.524,15.505
33.849,-0.69688,20.445
24.728,5.3141,20.85
53.226,-0.44969,-48.889
46.716,-7.1674,-36.344
47.405,-11.59,45.273
10.823,1.6908,8.2151
23.658,5.3293,24.215
35.367,5.8064,20.101
29.496,5.4914,19.298
36.365,3.4417,12.88
29.722,-1.8346,25.825
34.859,-6.0596,14.608
42.717,-13.363,6.8116
47.528,-13.156,14.996
46.289,3.7636,-48.663
34.692,-24.413,1.5326
55.136,-26.99,51.655
31.938,6.578,18.138
45.452,-27.188,45.959
22.185,4.2267,21.684
36.379,3.5366,20.863
34.019,-6.9755,27.9
45.044,4.1312,-47.969
24.416,-2.314,18.22
31.654,4.1157,21.454
38.387,-1.1712,21.583
51.206,-1.2459,-46.606
20.046,-0.80571,19.282
41.663,2.3042,15.904
54.359,2.3053,15.433
34.922,2.4772,12.588
34.044,0.83073,14.262
48.376,4.3068,-50.879
31.337,1.3581,21.178
28.606,-7.5986,21.408
39.817,-31.063,35.524
35.518,-11.876,14.218
39.757,2.7952,15.67
41.369,-14.151,8.3922
35.478,-21.325,25.631
