60.923,13.734,22.659
62.266,12.617,21.901
62.718,6.3463,12.555
62.025,3.875,9.9937
59.351,0.23887,8.0546
56.715,-2.6784,6.5651
55.015,-2.4582,7.7769
54.419,-15.919,8.8042
57.439,6.9334,20.064
61.209,15.56,25.802
68.709,16.334,47.405
69.258,16.157,48.176
65.557,21.75,31.181
65.218,21.454,30.779
65.015,21.14,30.137
64.739,18.998,25.712
65.133,19.384,25.962
65.523,23.625,32.142
68.46,35.858,46.422
68.182,32.733,52.146
68.39,25.65,62.023
66.507,29.726,65.507
58.052,46.247,51.636
52.183,55.334,53.694
50.769,66.498,62.44
51.546,64.695,64.282
48.851,68.627,63.228
39.771,53.663,48.245
40.015,3.5367,16.862
32.835,-5.5413,14.655
14.927,-14.726,11.852
28.907,-10.39,13.46
41.818,-3.5424,10.251
52.268,-0.355,13.877
56.499,4.0418,17.115
61.445,12.441,21.068
68.825,4.9896,7.6486
73.328,-2.399,-1.5872
75.218,-4.6574,-3.3627
76.478,-5.9433,-3.8644
75.177,-1.8615,1.3514
77.301,-4.5389,-0.14785
77.959,-5.3905,-0.58692
78.616,-6.2535,-1.0248
80.255,-11.537,-7.5225
67.905,12.071,14.087
63.849,12.023,17.08
62.545,20.838,26.062
61.655,23.696,29.148
58.734,18.125,25.652
56.621,14.889,23.313
53.504,11.73,20.265
50.509,6.2416,14.759
66.631,19.258,39.717
51.717,6.5207,15.244
46.001,70.323,63.367
35.498,30.687,32.87
47.989,45.253,44.284
72.734,1.147,1.8234
31.788,-9.4876,13.859
69.744,4.1385,6.4309
53.694,8.7342,17.735
70.931,2.9911,5.15
73.196,0.51271,2.9642
69.827,25.025,69.067
33.984,3.2676,17.587
60.539,23.203,29.77
59.471,9.5741,18.597
59.706,4.1589,12.175
65.264,21.223,29.92
65.084,21.7,30.595
49.797,60.367,56.47
74.214,-0.68959,2.103
76.235,-3.1809,0.58304
77.167,-4.3664,-0.057461
78.217,-5.7283,-0.75878
79.282,-9.0395,-4.7664
65.88,26.039,29.51
61.299,11.893,19.731
57.206,-4.5154,5.5694
56.597,-37.293,11.786
61.375,-28.847,47.071
66.898,-20.88,54.88
65.631,20.446,27.611
65.296,21.426,30.516
64.625,20.23,27.314
43.181,69.54,61.336
17.844,-6.0096,16.059
90.257,-38.12,-28.283
69.435,32.892,51.982
55.259,4.0504,17.071
66.729,14.795,17.71
52.287,48.737,46.509
65.297,20.759,28.885
50.858,66.104,61.426
62.574,26.533,32.274
72.737,6.7473,54.587
36.933,50.495,46.806
73.357,4.7619,22.504
75.96,3.0251,23.858
63.901,26.69,31.886
55.847,52.615,49.383
36.134,-7.8334,12.085
67.605,12.786,15.033
60.694,-24.565,51.362
62.669,35.925,57.98
32.279,15.611,23.566
30.897,-6.6637,14.664
48.528,-1.2012,12.433
55.179,11.341,20.121
51.648,0.52156,9.5768
57.993,2.3947,11.344
93.038,-9.2577,62.635
79.901,-12.215,63.024
69.809,4.0789,6.3587
65.863,14.239,27.193
70.065,35.269,48.566
69.802,23.909,62.03
77.299,-4.5359,-0.14631
58.514,-34.549,33.285
65.562,20.702,27.174
69.155,4.6568,7.0898
73.488,0.17253,2.7098
58.621,17.553,25.195
96.738,-18.927,56.708
87.077,-18.789,49.221
55.763,-26.254,48.44
75.788,-2.6196,0.90144
76.504,-3.5201,0.39581
77.835,-5.2294,-0.50463
54.821,-27.185,47.715
62.222,-24.302,51.199
45.261,70.492,62.815
55.336,-2.4448,10.775
66.456,-19.614,55.585
64.891,20.328,28.63
47.599,38.547,39.018
72.394,5.4807,22.103
65.689,22.123,30.305
59.319,11.785,21.825
53.416,2.9369,12.026
49.057,70.104,62.824
66.221,29.75,33.094
31.698,46.95,45.597
72.666,1.5757,2.4646
57.429,0.43094,9.2625
92.781,-10.251,64.512
47.554,-28.002,46.932
56.341,-25.905,48.048
39.075,67.192,58.057
51.406,-0.96738,7.5047
56.792,-26.217,48.668
64.876,20.805,29.668
68.402,9.6903,21.052
51.826,-26.803,48.145
62.585,27.895,33.216
92.671,-10.702,65.281
44.05,-30.132,42.728
33.04,-9.0438,13.696
43.571,-2.414,10.822
74.978,3.6394,23.301
52.929,-27.695,40.549
67.251,5.3342,36.745
20.231,-12.803,14.974
52.369,-0.69075,14.644
69.398,7.8318,21.221
70.273,7.1445,21.42
77.997,-5.44,-0.61217
75.336,-13.752,61.444
75.687,-2.4929,0.97493
76.807,-3.9062,0.18679
77.954,-5.3837,-0.58349
54.651,-2.2688,7.7474
53.112,-1.3424,11.876
92.399,-10.939,65.532
68.234,-25.067,52.088
64.26,28.209,32.972
51.952,-27.631,46.316
49.547,-26.991,47.204
73.795,-0.18884,2.4492
43.229,68.082,59.998
26.615,34.449,33.056
71.901,5.8612,21.92
55.928,14.104,22.351
59.619,-23.928,51.109
63.248,-21.508,53.35
61.138,37.765,55.526
49.51,67.21,60.76
69.139,23.792,63.62
49.219,40.564,41.271
35.963,60.434,53.608
29.164,-4.4508,19.122
67.794,12.738,14.871
53.202,2.569,11.538
89.644,-11.234,65.321
67.082,12.671,22.634
58.817,19.336,26.485
60.975,-3.6362,16.993
69.915,24.389,55.286
53.067,-26.671,44.392
48.123,-26.927,46.996
68.755,8.3219,21.104
51.469,-1.4676,8.7224
92.818,-10.909,65.87
41.683,-26.04,47.336
28.043,14.698,22.536
68.584,8.4489,21.077
75.944,-2.8144,0.78964
56.888,-25.059,48.634
55.109,2.6186,16.838
70.05,7.3207,21.365
73.305,9.1913,24.701
77.468,-4.7543,-0.25995
66.565,31.024,34.07
62.016,26.636,31.841
92.642,-11.531,66.923
61.388,13.195,22.354
76.984,-4.1324,0.066143
78.071,-5.5375,-0.66186
38.765,-24.2,45.309
89.213,-11.041,64.673
52.082,-0.65239,7.9543
34.938,40.511,39.742
65.462,34.168,36.549
43.479,-26.232,47.187
43.177,-26.663,47.028
58.552,-24.433,50.125
48.923,64.908,57.515
34.19,23.64,30.561
69.864,20.433,28.708
83.349,-12.171,63.88
23.896,-5.488,16.864
76.912,2.4841,24.45
56.781,-25.851,48.555
73.295,1.1928,2.4154
93.402,-12.067,68.343
50.571,-26.685,48.299
54.473,30.576,43.856
65.657,30.923,34.504
52.511,-0.97361,11.128
34.662,-6.1012,12.962
48.632,-0.65309,12.942
55.542,12.321,20.771
55.254,-25.394,48.178
69.918,-13.48,62.255
50.998,-26.113,46.229
67.873,8.9544,20.983
67.772,9.0222,20.972
49.747,-25.66,43.982
81.144,-15.942,57.162
69.232,20.836,28.418
71.304,14.524,26.661
74.746,-1.3326,1.6812
77.255,-4.48,-0.11705
78.221,-5.733,-0.76119
40.399,46.752,43.079
69.625,7.6546,21.268
78.002,-5.447,-0.61577
58.993,-24.068,50.692
78.752,-8.0928,66.637
88.799,-10.732,74.31
53.347,5.9426,14.882
90.479,-11.585,76.702
31.376,24.867,29.512
66.923,13.892,23.239
75.836,3.0997,23.784
67.865,13.382,15.451
60.816,24.659,30.59
50.04,-25.549,49.352
59.097,-28.496,40.122
62.48,-3.3805,54.884
57.327,5.9894,19.31
47.656,-26.497,46.447
53.758,-27.134,41.359
42.825,62.715,55.046
33.512,-7.4635,15.879
54.189,2.2654,14.103
56.502,-26.069,48.277
48.814,-26.753,20.567
69.711,-17.985,57.613
36.592,37.364,35.301
31.999,12.11,21.846
42.695,-2.7961,11.784
65.96,28.208,30.5
64.149,31.352,35.151
72.038,0.70166,75.53
53.732,-25.56,48.747
51.858,-0.83914,7.7812
84.899,-3.1904,78.969
50.416,-25.581,47.895
58.683,-26.107,47.271
51.938,0.094378,14.822
78.294,6.2646,77.918
47.083,-15.05,26.266
46.265,-3.2482,6.0019
53.663,14.874,43.517
35.421,16.378,26.176
68.43,8.5612,21.054
70.458,6.9979,21.469
76.32,-3.2873,0.52393
54.646,-24.885,49.973
57.127,-28.183,45.114
60.709,-23.733,50.924
68.253,8.6886,21.03
72.91,5.0918,22.311
75.906,-2.7666,0.81691
77.299,-4.5362,-0.14642
77.974,-5.4103,-0.59703
57.253,16.26,24.138
45.146,-27.975,33.78
37.177,-10.309,6.5181
50.623,-26.63,47.576
70.476,6.9837,21.474
49.169,-23.941,46.687
72.127,-15.938,60.603
57.129,-25.829,48.272
48.318,-24.416,36.601
77.294,2.2828,24.702
71.834,8.6789,78.622
67.845,-21.619,54.521
32.691,-1.6435,22.551
65.388,-11.417,60.784
70.742,2.9288,75.977
51.833,-25.597,49.337
30.145,18.145,27.424
45.963,-0.31591,11.943
61.189,13.866,22.865
50.756,-0.74156,7.6333
47.519,-27.079,44.699
58.49,-22.129,49.159
42.974,4.062,20.136
70.612,8.449,9.77
56.388,-2.5182,7.3905
48.01,-5.6418,-1.0486
56.295,-21.285,51.205
60.742,-22.998,51.617
56.572,-24.659,50.239
67.53,11.565,22.229
64.89,12.841,17.014
71.75,6.2272,22.018
78.085,-5.555,-0.67077
63.312,23.592,28.041
52.682,7.1756,15.991
43.751,-2.7513,2.2768
70.868,-17.651,58.829
45.534,-27.115,31.737
69.354,7.8657,21.212
69.674,8.6383,21.857
76.497,-3.5114,0.40059
77.701,-5.0551,-0.41521
54.368,2.5534,16.307
75.85,3.0912,23.792
77.593,-4.9153,-0.34323
60.937,22.244,28.268
57.12,-23.078,51.364
64.408,-19.075,56.225
53.399,-26.648,43.375
48.445,-20.09,21.567
45.93,-17.768,37.248
34.604,-7.8092,16.044
57.159,-24.868,47.9
20.327,24.03,22.776
69.999,20.677,28.957
75.691,-3.3311,-0.47319
55.458,-1.2698,8.1061
45.519,-22.303,43.765
61.627,-21.511,53.934
67.921,12.701,14.76
53.9,-24.04,50.351
55.836,-26.054,48.083
49.995,0.72236,9.0366
67.678,-4.6681,67.77
48.087,-1.6115,12.156
63.788,12.843,17.851
55.717,10.136,19.093
68.219,11.075,22.313
76.601,5.8622,77.409
45.829,-27.128,49.316
69.94,7.4077,21.339
75.763,3.1444,23.741
78.979,1.5129,25.918
75.315,-1.6776,1.509
50.984,4.3248,13.022
51.611,-28.037,41.939
64.989,-18.778,56.276
70.822,6.7092,21.57
71.255,9.8291,22.463
66.46,5.0427,56.222
52.066,-23.023,50.811
70.996,14.584,20.208
77.39,-4.6531,-0.20741
78.014,-5.4626,-0.62372
78.761,-6.4444,-1.1213
48.482,-1.0913,6.2675
61.407,-20.485,54.488
56.528,-26.282,47.577
56.867,-26.053,47.244
53.328,6.9339,16.04
53.486,-26.074,47.691
57.007,-26.508,45.623
56.413,-24.076,50.881
58.231,-26.517,45.288
44.993,-26.972,29.267
60.195,-23.109,50.977
57.097,5.0263,17.442
65.328,19.56,26.083
76.055,-3.2584,0.17628
52.878,-23.318,47.071
81.134,2.4709,78.213
29.313,-1.2428,24.927
56.98,-1.5074,7.0164
58.529,-25.629,49.649
82.537,-12.715,64.399
34.891,5.291,23.675
62.31,14.523,20.513
74.859,-3.3729,70.499
49.261,-25.697,48.972
33.62,-8.5138,14.96
59.209,11.421,19.012
65.473,-8.7521,63.332
72.325,-9.2209,67.192
60.74,-25.072,50.365
77.747,2.0567,25.013
56.427,6.5388,15.359
60.399,-19.53,-13.989
65.742,-18.104,56.793
70.07,7.5303,21.498
72.656,1.1307,3.4508
52.808,-25.541,44.017
51.692,-2.731,13.139
72.245,5.5954,22.046
75.587,3.252,23.64
74.894,-1.5132,1.567
73.976,-0.34139,2.3449
67.06,12.605,15.158
49.35,1.6849,9.8354
84.352,-1.0307,79.348
58.776,-24.525,49.385
70.263,7.1522,21.418
76.392,-3.3787,0.47343
72.57,1.8526,64.694
73.517,6.4082,77.48
49.791,-28.24,37.108
77.937,-5.3626,-0.57273
78.421,-5.9956,-0.89424
62.507,-24.47,51.81
50.984,-26.019,24.335
52.858,-27.477,36.793
51.089,2.8678,11.759
54.616,-23.362,49.159
59.061,7.8815,19.257
48.532,-1.0693,6.2258
61.584,6.3696,12.07
59.042,-2.7798,4.0494
78.285,-0.85232,76.117
53.984,-27.085,46.092
61.95,-23.149,52.295
44.842,-0.84392,5.9089
68.525,10.163,21.983
54.13,3.672,13.122
58.739,-23.242,50.821
56.738,-25.352,48.571
37.37,-9.3731,14.771
77.93,1.9691,25.141
78.691,6.0318,78.001
46.934,-27.429,42.205
53.678,-23.529,14.84
70.266,7.15,21.419
69.432,17.862,26.931
76.193,2.8876,23.998
77.473,-4.7607,-0.26328
78.405,-5.9752,-0.88394
86.165,-2.1333,80.626
36.17,10.652,-62.575
67.712,-15.567,62.953
48.185,-25.156,30.344
70.807,16.671,27.263
78.561,-6.1808,-0.98799
73.681,-0.054313,2.5451
58.565,5.0644,13.153
49.168,-0.41836,7.3884
57.412,-5.8763,1.1216
37.474,8.0312,-60.43
68.035,-22.729,56.235
60.819,-26.841,50.075
62.675,-24.462,50.104
46.895,-2.0662,11.641
77.005,2.4342,24.51
80.309,1.0502,26.998
64.776,10.594,13.778
48.097,-17.079,14.549
44.985,-22.458,36.673
64.927,17.694,25.229
67.361,10.168,12.746
84.64,-2.9842,78.835
80.433,-14.241,67.786
63.867,-17.704,56.159
52.761,-21.235,27.903
50.599,-19.729,19.132
92.402,-10.437,65.657
86.382,-12.406,74.438
61.031,-26.311,50.354
56.218,2.2456,11.512
50.003,-3.4575,4.1498
43.656,-11.453,13.973
58.915,-26.853,48.99
52.997,-1.908,10.771
77.154,2.3553,24.609
78.526,1.7001,25.575
79.717,1.2396,26.504
46.482,-27.293,41.749
43.37,-8.9209,5.3949
70.407,17.399,24.534
82.238,0.6309,28.763
51.475,-4.5649,3.379
60,-6.5784,-1.1795
77.835,-4.4322,74.222
85.577,-7.0604,77.9
79.114,-6.9392,75.021
74.278,-19.662,59.179
70.533,6.9381,21.489
78.906,-6.6374,-1.219
70.385,8.308,9.7137
52.488,2.966,12.422
51.556,-26.703,44.792
66.307,-17.227,58.893
59.64,-7.363,1.1788
73.023,5.0075,22.359
77.831,-5.2247,-0.5022
77.563,-4.1802,0.19382
49.659,1.8052,10.434
57.765,-24.045,47.713
62.796,-21.462,52.562
86.491,-14.258,65.793
57.387,-25.544,48.433
46.261,-22.608,26.312
72.253,4.4817,7.2388
61.981,3.4464,8.8722
81.077,-4.1563,76.001
57.091,-26.088,48.561
59.315,-25.782,48.618
87.731,9.7886,87.895
53.49,-27.527,38.573
42.233,-25.567,40.855
79.665,-4.1644,75.829
90.974,-13.882,73.929
87.697,-12.016,78.233
66.15,10.991,16.6
74.819,-1.4214,1.6249
75.618,-2.4069,1.0252
76.456,-3.4595,0.42901
77.055,-4.2233,0.017966
95.409,-10.891,88.328
66.85,-18.497,57.394
50.414,-26.468,43.773
54.283,-25.497,47.044
88.073,-15.499,68.201
41.255,-10.744,10.174
58.221,-24.715,48.092
73.757,-0.54264,1.8156
66.586,9.6414,12.281
62.76,-25.111,51.931
65.979,-17.246,58.332
87.321,-5.665,80.145
44.391,-7.1699,9.7727
51.139,-24.589,45.065
78.623,-6.2616,-1.0289
47.381,-2.192,5.9221
58.072,-7.7295,-1.7528
69.423,-25.003,55.401
74.488,-1.0197,1.8834
78.431,-6.0089,-0.90098
74.084,1.9937,4.1555
62.251,-20.882,54.349
72.447,5.8433,23.284
73.162,-0.85475,0.71923
57.775,-25.761,48.322
45.549,-26.004,37.888
49.021,-2.7306,5.0257
89.767,-9.6795,64.921
56.316,-27.656,48.36
47.682,-0.51406,7.2062
88.213,-16.187,69.748
48.349,-25.069,38.696
43.846,-15.052,12.29
59.17,-1.711,5.6755
58.756,4.2527,13.751
64.201,1.6359,5.5236
55.043,-3.2962,6.0893
46.698,-24.655,20.425
55.09,-23.949,47.01
45.581,-0.28966,6.3788
60.184,-8.8986,-4.435
61.435,-29.087,49.704
58.122,-25.054,48.174
51.403,-2.93,6.5188
45.278,-1.2617,6.2252
36.923,-20.075,49.649
67.609,-26.795,53.969
67.282,-18.529,57.405
63.639,-21.864,53.85
51.525,-17.666,34.805
75.484,-2.2411,1.123
77.037,-4.1992,0.030717
43.908,-1.4075,6.4059
75.441,-2.1874,1.1548
77.533,-4.8382,-0.30338
69.864,2.5338,4.1008
85.847,-1.4594,80.587
78.843,-12.824,75.059
40.401,-17.254,11.593
72.269,-7.2546,61.935
58.274,-9.788,-5.2078
76.617,-3.2768,75.192
37.393,-20.22,19.466
67.676,5.5461,9.2028
73.692,-0.067622,2.5356
74.789,-1.3848,1.648
77.727,-5.0891,-0.43266
57.223,-27.661,49.057
37.851,-12.171,10.375
78.37,-5.929,-0.86052
46.322,-30.528,34.795
40.722,-19.105,22.34
57.964,-8.0114,-1.7401
88.694,-18.941,68.328
45.171,-20.928,22.845
41.794,-11.627,9.5202
54.748,-22.969,47.293
72.368,1.6745,4.1886
80.99,-20.795,64.363
58.952,-28.81,49.751
56.804,-25.486,48.621
41.789,-2.2264,7.9683
83.619,-14.812,71.625
44.396,-1.0602,6.7386
58.576,-4.8474,2.5048
36.528,-12.981,11.205
49.897,-25.479,46.614
61.015,-28.721,51.565
57.419,-24.116,50.163
56.951,-9.109,-2.8529
86.602,-4.8806,79.796
56.69,-27.46,48.212
58.13,-25.047,49.453
58.87,-23.594,50.536
43.189,-15.735,29.051
75.936,-2.8046,0.79525
48.683,-2.9299,6.7535
80.541,-7.0339,68.251
74.634,-1.1964,1.7685
46.011,-1.8797,6.7946
43.172,0.0955,7.3475
54.566,-28.777,47.97
50.333,-27.111,42.636
60.252,-23.384,51.321
54.233,-23.136,47.562
74.845,-1.4536,1.6045
76.721,-3.7963,0.24589
57.606,-8.0096,-1.3575
41.393,-17,50.327
86.742,-6.1071,79.311
66.648,-26.275,57.669
71.331,-10.655,65.588
51.55,-26.375,47.808
73.48,0.20177,2.8823
73.945,-0.36755,2.3237
74.025,-2.3595,-0.88297
88.968,-7.988,80.63
80.852,-5.6178,75.958
63.533,2.41,7.0745
57.154,-0.36003,8.6605
57.724,-30.121,50.51
45.309,-12.057,13.868
78.615,-7.7825,-3.6923
62.836,-29.506,51.253
65.544,-16.865,58.624
47.108,-22.554,42.366
53.013,-3.7183,6.9698
73.507,-11.774,72.543
51.79,-29.373,44.485
53.296,-16.351,12.852
65.903,15.679,28.927
38.557,-5.3643,9.6612
84.29,-4.234,78.073
77.71,-13.686,71.91
37.373,-26.392,21.524
36.286,-18.337,14.094
44.92,-23.984,36.707
45.801,-26.452,45.151
37.002,-9.3734,13.545
56.609,-4.7832,3.3852
77.625,-21.321,60.22
59.996,-32.435,52.805
52.809,-26.022,48.363
36.546,-16.55,21.064
51.222,-23.9,40.545
55.441,-8.5519,-1.7992
50.97,-27.048,48.164
43.191,-18.422,33.863
43.631,-1.7656,7.2562
57.955,-32.259,50.783
65.674,-18.439,57.259
44.341,-25.728,42.692
72.92,-1.3569,12.954
74.25,-0.69868,2.3698
46.759,-0.66208,7.489
41.213,-4.4992,8.6805
37.383,-10.663,14.136
75.677,-2.9334,0.19354
75.042,-1.3874,1.2968
44.634,-1.3061,7.0502
51.985,-28.617,46.947
56.458,-24.667,49.834
38.55,-9.8369,10.744
51.098,-23.694,46.088
72.863,3.7479,6.2513
74.488,-0.99185,2.1346
67.719,1.9419,3.311
56.028,-1.7609,7.8642
44.321,-15.655,18.064
38.581,-18.475,19.54
42.067,-11.384,19.785
49.239,-0.8562,7.6189
55.836,-5.8913,2.2359
55.094,-7.5505,-0.099655
89.97,-10.167,80.21
39.253,-16.801,23.089
59.923,-1.775,5.21
79.927,-9.6533,75.145
60.248,-29.888,48.053
56.738,-24.918,49.225
54.195,-3.5408,5.9507
72.868,-28.291,56.378
53.895,-7.3451,-0.11814
86.734,-7.9654,78.359
56.791,-33.211,54.854
58.628,-33.675,50.194
55.984,-35.716,52.72
69.536,-19.483,68.902
59.138,-24.984,51.847
41.772,-26.357,47.421
66.508,-16.394,58.817
57.672,-24.256,49.412
66.683,-14.339,60.407
42.351,-5.0847,8.4918
35.846,-6.9752,11.884
45.234,-0.47286,10.076
72.713,7.8806,4.8136
44.65,-2.8734,1.2409
37.124,-8.9478,11.105
90.57,-11.595,68.724
87.022,-7.7878,78.69
56.032,-31.708,51.617
46.892,-26.458,46.981
45.051,-25.022,43.265
42.345,-24.875,41.315
48.026,-25.491,46.228
74.565,0.042781,8.7286
43.769,-0.23408,5.6829
40.163,-8.467,10.032
54.885,-4.0433,5.3072
85.53,-12.607,63.65
53.74,-25.313,48.549
82.964,-5.385,76.887
72.929,-22.657,57.443
51.148,-27.472,47.915
34.137,-21.839,22.865
52.89,-25.834,47.729
49.568,-3.4932,4.3278
56.679,-3.1198,5.6864
60.837,-28.175,61.035
53.696,-32.27,51.589
35.269,-20.539,31.994
33.959,-17.774,19.351
45.486,-23.76,40.959
42.553,-0.48391,9.0481
48.668,0.38231,11.049
84.649,-7.9689,77.065
61.209,-34.438,51.88
44.84,-23.71,39.795
73.593,-1.0442,1.9447
69.82,1.9644,2.5489
55.686,-3.6437,5.7923
74.513,-8.9122,64.695
42.395,-9.1071,18.831
62.941,2.8327,7.5824
42.545,-0.5498,5.8098
57.006,-35.187,52.482
56.873,-29.451,47.409
51.582,-26.225,48.313
33.322,-17.725,21.213
78.333,-7.8418,69.578
44.93,-18.944,36.425
43.154,-4.1114,-1.9156
70.128,-18.67,71.576
33.425,-14.993,15.174
56.206,-24.29,49.178
41.686,-20.379,32.833
54.164,-3.8202,5.6273
69.544,-15.405,69.838
49.088,-26.537,47.787
34.137,-18.301,35.412
61.323,-38.594,41.869
39.716,-4.839,8.7935
37.213,-7.2135,10.698
35.355,-9.8918,11.697
52.745,-6.0308,1.894
61.226,-31.925,46.993
40.23,-13.192,19.309
77.447,-11.398,-5.8935
53.549,-2.6052,6.8911
45.972,-27.158,47.498
39.33,-23.466,45.569
44.039,-3.0909,0.66041
55.37,0.20006,10.421
47.692,-25.855,47.014
59,2.075,9.3684
52.027,0.27597,13.28
54.253,-35.519,59.467
53.035,-5.1278,3.4888
56.767,3.1323,24.817
59.942,-29.651,64.072
78.835,-20.256,63.259
44.834,-26.232,47.278
81.437,-19.797,58.792
42.755,-0.042284,7.0615
44.221,0.80879,7.165
45.637,0.94617,7.875
84.165,-7.0642,76.688
51.733,-30.984,51.723
52.704,-25.368,49.586
53.341,-1.0876,8.0185
47.667,-0.58981,6.5572
55.396,-4.0014,5.3507
53.506,-34.603,55.508
62.398,-25.383,0.78433
45.145,-0.23297,5.7135
40.054,-2.8748,7.9651
33.677,-15.216,18.061
54.877,-32.69,53.884
32.153,-17.965,19.794
50.583,0.51222,11.288
80.371,-7.9954,75.378
72.718,-12.337,72.573
58.429,-23.294,50.599
51.475,-24.541,45.922
48.261,0.47994,8.8881
51.498,-4.1715,3.9766
52.214,-2.5467,6.6054
70.581,-32.602,50.434
68.259,-15.282,60.007
42.266,-0.024436,6.5935
64.796,-7.3073,53.806
68.79,-14.685,69.45
53.837,-24.603,49.44
58.634,-23.119,51.318
43.344,-0.36245,5.0642
35.334,-7.8661,11.62
56.887,-2.9648,5.9859
74.065,-10.485,73.431
63.533,-28.562,54.478
62.007,-19.152,55.893
55.254,-28.157,47.945
37.478,-21.195,42.925
53.141,-8.5676,7.3934
49.814,0.88126,9.286
46.083,-0.72394,5.4369
48.702,-25.608,45.811
48.954,-25.457,46.405
45.496,-0.66541,5.2553
54.58,1.6393,13.42
53.761,-0.46549,9.977
86.2,-9.2883,77.031
44.099,0.12528,6.0319
45.588,-26.307,47.921
58.927,-29.368,53.808
28.315,-17.107,17.552
40.8,-22.9,42.739
81.099,-9.8338,67.347
47.838,-1.8086,4.9583
68.235,-20.538,70.164
55.466,-31.596,56.164
32.505,-17.301,27.721
48.304,-22.787,41.169
44.413,1.2378,7.4251
42.505,-0.34435,6.4147
53.692,-5.1575,4.0479
45.147,-24.504,44.245
48.687,-4.5708,0.96937
52.763,0.45725,11.753
50.567,-3.7385,4.2553
54.623,-29.962,53.084
59.368,-31.078,46.915
41.526,-23.744,43.635
27.971,-15.348,18.325
39.028,-25.213,39.749
58.713,-32.689,45.161
46.791,2.7203,9.9687
42.866,-25.811,48.078
38.091,-5.1188,9.1954
57.539,-1.0641,8.2483
56.106,3.4128,16.561
59.312,-29.068,60.575
45.872,-27.196,48.64
50.336,-5.9786,-0.37785
56.567,-29.288,52.81
43.648,-24.341,43.49
43.087,-9.9831,16.332
56.925,3.2765,13.695
54.182,1.2081,12.719
85.216,-10.634,66.763
38.096,-17.624,26.593
27.42,-17.347,14.008
66.918,-14.065,60.955
38.301,-19.515,34.833
42.796,0.11522,6.6182
46.246,-3.1681,1.6993
49.266,-0.38424,8.0871
75.05,-10.337,73.574
28.579,-17.15,18.014
59.901,-22.675,51.253
40.733,-2.0182,7.8678
52.982,-9.5593,-6.0683
52.142,-4.6882,4.1016
58.765,5.88,15.939
78.165,-8.576,74.448
62.993,-36.595,48.827
27.9,-15.903,14.79
43.951,-1.1431,4.2126
63.932,-25.23,58.72
47.256,-25.962,47.372
54.124,-4.6369,5.0307
83.398,-10.015,64.903
72.19,-17.657,73.461
58.829,-28.503,54.645
50.738,-24.001,44.083
51.971,-1.4185,8.182
63.353,-33.796,48.154
87.176,-11.102,65.602
49.403,-19.39,33.921
39.515,-18.662,28.27
55.806,-3.4781,5.869
54.098,-9.8966,-5.908
48.608,-2.2328,4.856
51.173,-0.32189,9.6256
60.405,-25.485,56.439
44.949,-21.952,38.938
50,-3.7605,3.9058
47.384,-26.549,48.485
33.865,-8.9439,12.887
57.675,-32.649,54.278
54.25,1.2927,12.89
44.545,-10.819,20.115
43.759,-26.189,42.627
42.067,-1.9203,8.0964
60.141,-29.524,56.093
41.973,-29.457,46.357
59.055,4.9604,13.999
53.757,-29.079,47.2
35.787,-13.98,15.601
63.849,-80.633,16.255
47.694,-5.603,-1.8954
59.964,9.3202,25.498
80.866,-7.5279,75.345
51.685,-10.025,-8.8545
57.489,-2.1429,6.8186
62.12,-24.967,58.794
36.572,-25.543,33.048
38.486,-23.993,42.554
58.499,-22.496,52.249
40.781,-18.896,27.171
37.345,-11.82,18.7
42.594,-1.7775,6.8831
53.831,-1.3013,8.9938
43.158,-26.287,47.125
61.269,-22.657,52.407
45.039,-1.9023,3.4831
50.007,-6.1153,-0.9318
51.436,-3.8044,4.9036
72.556,-15.416,71.658
51.663,-25.656,48.681
54.31,-34.801,55.513
51.478,-25.447,49.302
45.327,-23.056,37.776
37.052,-9.684,12.353
53.106,-4.9501,4.2003
55.803,2.1581,14.178
59.695,-31.708,47.366
40.563,-21.038,36.297
29.853,-13.337,15.077
53.135,-24.667,46.328
40.935,-7.0779,14.625
53.832,-10.827,-8.4795
52.059,-0.14181,10.485
57.353,4.8512,17.65
58.083,-37.474,51.682
47.477,-1.3292,5.4748
54.59,-0.61636,10.978
69.573,-18.915,70.811
58.078,-30.368,57.167
42.476,-25.459,44.728
42.957,-16.31,29.363
61.842,6.5991,13.547
70.18,-9.4472,59.04
42.982,-25.198,45.288
52.362,-9.0017,-5.1489
49.332,-0.13512,8.5234
55.541,2.271,13.751
53.005,-3.3822,5.6883
44.348,0.092179,6.8868
54.587,-9.1096,-3.4795
30.019,-24.715,11.573
38.965,-17.387,25.988
42.893,-21.064,37.828
37.025,-15.091,19.96
49.152,-2.4726,5.2024
55.102,-4.9138,4.5352
36.624,-25.565,33.539
56.013,-7.5756,-0.66635
50.833,-5.1436,2.2001
32.002,-18.211,15.791
37.984,-25.542,31.769
43.599,-24.536,43.382
75.575,-11.484,65.143
58.102,-28.399,55.375
53.151,-35.012,54.176
47.098,-1.1706,7.2462
63.663,-26.219,64.788
58.982,-29.751,57.47
55.107,-33.983,55.809
46.865,-27.862,48.369
33.891,-20.907,31.235
27.138,-24.272,11.154
33.563,-23.476,25.926
42.465,-24.477,34.76
37.446,-7.7671,11.833
45.455,-29.465,42.222
39.696,-24.533,39.629
48.302,-6.3428,-3.0688
57.963,-2.2116,6.417
59.084,-29.736,58.793
32.623,-21.191,22.2
30.957,-18.335,31.338
19.526,-19.323,12.358
51.823,-22.968,43.606
66.725,8.3947,42
40.527,-25.136,48.957
55.657,-24.536,48.496
44.483,-19.737,28.658
52.431,-3.2843,6.1457
52.97,0.54787,11.898
57.284,4.4062,15.939
64.932,6.8634,11.47
55.644,-31.304,51.336
30.23,-19.599,22.258
41.118,-15.874,22.624
39.909,-20.983,44.577
51.642,-9.272,-6.5205
59.416,7.671,19.651
23.002,-17.501,16.585
60.093,-113.73,12.564
60.556,-25.71,56.699
51.616,-32.089,52.196
56.536,-30.304,47.581
32.231,-21.976,27.021
38.459,-22.994,36.737
63.631,-58.472,27.06
57.631,-5.1065,2.3026
46.283,-2.1925,3.3422
58.855,-1.4079,7.3682
31.363,-16.333,19.123
47.575,0.56888,8.4914
52.388,-7.1002,-0.16549
54.962,-3.3779,6.2583
58.76,-33.97,48.355
56.772,-5.7752,2.8112
56.69,3.0934,14.459
79.765,-11.1,65.484
53.665,-8.7935,-3.1735
54.224,-7.3592,0.53194
76.196,-10.353,70.215
51.423,-32.703,51.582
24.354,-21.686,14.24
49.2,-5.8625,-0.98534
49.992,0.34785,10.321
48.123,-32.75,51.158
39.449,-8.0562,9.3875
57.043,-7.9992,-0.83222
54.255,-6.8946,0.80548
39.527,-21.056,41.497
59.53,6.9994,17.556
39.395,-20.82,43.406
54.501,-27.969,45.009
67.48,-16.718,58.59
52.884,-28.407,48.359
51.141,-25.788,48.429
36.036,-20.237,49.425
41.64,-24.507,48.812
58.212,-5.9147,2.7263
45.831,0.48034,7.1706
54.711,1.6084,13.103
62.096,9.5893,20.157
38.064,-11.548,12.362
46.777,-3.8617,0.81192
56.1,-7.968,-0.35958
58.85,-31.279,57.583
57.302,-29.49,55.44
52.701,-24.12,50.427
41.924,-25.046,48.124
51.67,-24.899,48.423
88.104,-10.68,64.588
56.135,-30.822,54.703
54.348,-31.504,53.115
43.65,-25.422,47.33
64.471,-17.941,57.62
62.153,-49.416,28.316
67.593,4.6012,7.2759
56.981,-3.0204,5.5432
64.022,11.201,20.73
49.416,-25.216,49.459
44.873,-24.542,47.049
55.024,-7.7333,-0.12725
50.174,-5.2425,1.2305
54.482,-35.332,52.307
55.178,-26.553,48.42
46.853,-30.089,39.127
45.279,-1.8584,3.3223
45.693,-26.049,48.646
51.314,-25.326,49.377
53.952,-24.987,49.644
54.87,-26.864,46.772
59.817,-3.5298,3.4831
58.545,-5.9788,1.2514
58.117,0.010106,8.9245
54.961,-32.249,55.21
54.36,-30.821,48.755
40.508,-36.48,32.171
56.611,-6.905,0.80689
59.431,-21.468,53.663
41.868,-20.489,28.731
61.15,-110.54,11.587
45.028,0.38191,6.645
51.846,0.33399,11.4
62.407,7.5603,14.6
55.331,-12.641,-11.931
53.364,-32.056,54.027
47.214,-26.438,49.127
56.765,3.346,14.123
59.29,1.5931,10.89
48.177,-32.18,48.535
48.009,-3.3,2.8386
51.595,-31.518,52.433
43.453,-25.792,47.61
52.074,-32.104,53.061
60.634,-25.374,50.529
49.846,-30.21,48.796
63.218,-20.217,54.684
51.835,-5.8233,1.7292
47.744,0.85728,9.459
46.467,-26.664,46.134
56.811,-12.562,-9.9103
63.559,7.21,18.377
62.493,-23.629,55.372
54.475,-32.36,53.584
45.11,-27.148,47.743
40.184,-29.904,32.099
69.395,4.3547,6.6862
61.24,-4.1902,1.6703
60.963,7.8755,18.916
35.82,-22.971,27.674
32.566,-23.458,15.741
66.151,-18.729,56.885
52.741,-32.622,52.393
48.769,-28.324,48.875
45.1,-26.53,46.545
63.227,10.222,20.571
44.533,-34.261,47.548
39.055,-25.175,34.462
57.981,-11.425,-6.7909
58.468,-29.067,55.043
48.404,-28.035,47.439
36.458,-24.167,40.567
41.942,-24.958,39.524
46.52,-1.9223,4.0817
54.342,1.2109,12.563
58.04,-9.8217,-3.7044
50.952,-32.266,50.294
32.673,-20.289,12.973
37.591,-22.982,16.906
59.263,5.1128,14.004
60.822,-6.5511,-1.0354
58.884,-7.2438,-0.35099
60.42,-96.772,13.268
54.291,-32.027,54.198
59.67,-11.68,-7.7945
59.554,-6.0607,1.0058
62.594,7.6988,39.062
57.242,-46.331,24.677
48.595,-2.9302,4.4221
45.558,-0.98441,4.8614
63.871,7.0343,12.429
52.842,-31.891,52.176
39.993,-28.984,42.457
44.381,-27.217,27.591
51.932,-25.944,44.935
45.498,0.26604,6.7062
50.587,0.071718,10.153
45.861,-31.528,48.235
31.91,-22.422,15.639
49.931,-34.744,34.74
61.328,-9.5608,-5.4419
60.206,-2.9381,3.969
35.323,-15.993,10.193
46.782,-32.993,47.581
34.813,-25.692,12.048
37.837,-25.958,24.041
68.275,5.3564,8.0867
42.607,-32.439,47.426
42.151,-29.48,43.584
47.232,-1.9968,4.9154
59.063,-15.18,-20.147
58.374,12.941,25.717
44.39,-34.759,46.775
60.469,-10.51,-6.5195
60.903,4.5055,11.917
40.807,-3.4599,6.3748
57.159,3.4331,13.702
63.293,10.608,20.684
57.22,13.311,30.114
47.226,-34.642,49.303
43.507,-37.095,46.042
42.547,-28.912,20.755
47.181,0.45333,7.9561
63.126,6.9626,12.92
55.009,-31.224,53.212
56.479,-31.549,55.178
50.2,-34.929,53.952
62.079,-17.352,54.899
40.134,-28.425,9.0124
52.896,0.40661,11.133
57.421,-30.353,56.209
42.877,-10.598,18.173
59.638,-6.6711,-0.23327
59.682,-24.851,52.948
52.789,-37.231,5.3551
59.246,-83.456,7.4786
49.16,0.27219,8.912
55.712,17.22,28.828
53.969,-33.012,55.381
34.919,-33.068,5.9437
50.215,-13.419,10.284
61.037,6.2301,13.799
61.631,-8.7777,-4.3378
57.219,24.23,39.548
61.481,-20.427,54.486
37.207,-8.9566,11.265
36.476,-23.198,16.492
46.005,-0.75356,5.4409
59.647,-15.483,-22.234
39.62,-34.911,45.537
38.952,-30.794,43.407
61.152,-13.838,-15.483
59.169,9.4683,19.478
44.438,-34.402,46.189
42.448,-35.71,44.606
70.825,3.0987,5.2613
60.703,-14.339,-17.045
59.363,15.805,49.608
38.963,-19.183,16.758
38.859,-31.385,8.0853
55.069,1.3233,12.25
65.928,6.6774,10.637
61.235,-2.4553,3.7549
41.671,-37.046,45.76
60.262,-10.736,-6.4711
44.341,-36.012,45.54
45.644,-35.17,45.958
37.498,-35.382,3.6994
42.597,-28.409,6.0932
46.843,-18.902,13.056
53.228,-10.164,0.45005
62.546,6.8347,13.238
53.967,15.565,26.822
55.384,-34.181,56.646
46.595,-30.499,6.9487
41.362,-30.235,16.65
57.92,-7.1918,0.30685
56.31,10.379,22.61
44.874,-34.444,47.311
41.244,-36.511,44.109
39.875,-29.822,7.2251
63.156,5.3521,11.541
55.535,6.3951,46.058
51.472,-25.282,48.863
40.856,-2.6849,5.5747
51.754,-1.6895,7.7698
38.402,-9.7877,10.212
57.464,-26.862,50.813
39.575,-35.576,43.688
48.23,-2.314,4.9792
50.927,13.046,36.609
62.364,-26.016,60.839
51.012,-32.517,52.227
47.648,-33.068,50.114
39.232,-29.483,30.693
50.729,-39.708,14.017
62.668,-12.371,-12.182
63.061,-9.0574,-5.3874
61.016,4.4772,11.69
45.33,3.7345,37.028
57.625,-32.859,56.01
42.766,-26.796,16.522
64.217,8.5096,13.52
69.529,4.3316,6.6696
38.826,-30.727,5.5677
57.251,-8.3446,-1.2562
59.823,-15.776,-24.271
61.477,-3.5489,2.2945
40.276,-5.3204,27.587
43.009,-36.343,43.368
57.138,0.059304,9.9886
58.87,3.6866,12.716
53.159,18.272,31.249
40.645,-39.227,42.153
53.973,-29.605,5.3289
43.071,-21.329,9.6384
41.222,-33.241,10.699
54.595,11.14,24.548
43.046,-36.879,44.19
44.568,-36.113,43.57
43.521,-13.483,9.4587
71.601,2.2916,4.4643
59.705,-14.184,-15.477
50.906,14.071,23.19
44.37,-35.321,46.314
42.088,-35.145,44.968
55.818,-6.1306,2.5703
59.238,-13.404,-53.814
39.682,-27.082,48.41
44.678,-37.058,43.684
40.019,-3.8548,5.736
40.272,-15.023,6.6488
57.268,7.1161,19.157
37.994,-3.4153,15.58
37.058,-12.91,10.388
61.168,9.3602,19.469
57.06,-29.749,54.11
54.322,-29.906,51.311
40.199,-32.533,44.497
39.556,-26.93,31.974
42.036,-27.839,13.581
60.054,5.5114,13.927
48.31,16.429,29.087
44.747,10.038,23.114
64.809,-25.928,59.984
57.185,-28.51,52.212
41.235,-36.705,42.866
50.495,-26.318,20.805
41.292,-13.387,6.5653
41.779,-21.514,6.4432
44.428,-22.685,15.11
58.446,-13.414,-12.503
61.123,-14.576,-18.479
49.209,13.449,21.778
67.065,5.3803,9.2475
46.905,-34.277,44.487
42.834,-34.681,44.321
42.338,-34.873,44.146
55.721,-8.3355,-0.87177
62.671,-8.9865,-5.0932
44.33,-33.4,44.552
40.841,-12.543,7.6306
70.91,3.1487,5.2793
58.962,-16.151,-29.76
42.731,3.3282,14.989
24.759,-26.17,6.6267
71.13,2.7861,4.9424
47.993,-3.0346,6.8074
59.414,-12.109,-56.49
60.227,-1.602,5.5048
54.974,3.1902,20.685
51.281,-29.243,48.715
42.057,-19.344,10.081
61.869,-10.481,-7.428
60.042,6.6412,15.937
34.514,-13.362,9.889
51.745,3.0238,24.953
59.804,-26.849,51.164
45.027,-43.548,34.303
39.716,-4.7138,4.8327
48.064,9.0067,17.582
42.141,-33.585,43.601
38.448,-30.692,43.69
46.192,8.8135,18.153
42.85,-32.349,43.078
42.465,-33.789,44.683
40.585,-31.664,46.5
44.558,-14.449,7.5684
53.141,-16.278,6.7838
39.662,-3.8552,7.5804
52.683,4.5071,19.792
49.545,8.6988,20.905
37.806,-26.733,27.75
44.852,-2.514,8.4126
43.528,-33.156,44.011
46.262,-31.784,44.157
44.679,-26.077,21.755
58.278,11.5,22.364
50.14,-11.619,19.077
47.979,-29.128,46.218
42.31,-31.981,39.372
53.623,-24.363,44.767
40.478,-25.936,24.438
56.503,-26.979,49.481
46.903,-42.07,32.985
39.017,-14.286,11.592
41.943,-20.89,14.753
43.891,-19.282,9.656
34.183,-16.462,9.2744
53.574,-9.2308,3.7327
70.991,2.885,5.0199
41.337,-6.5717,4.0541
45.425,-1.6186,9.2729
66.676,-4.0248,-4.4678
56.447,-13.586,-12.99
46.167,2.8925,12.606
47.736,-10.787,10.836
43.927,-31.456,44.933
32.102,-19.996,10.563
43.381,-14.575,7.2592
66.811,4.0314,8.0912
57.451,0.81455,8.7321
46.512,-31.109,25.993
53.153,-31.959,39.48
49.283,-17.649,13.105
57.393,-2.3836,6.2022
54.701,-7.262,1.0428
40.418,-32.391,46.573
41.772,-15.683,8.2733
52.733,3.0517,12.874
53.37,-2.3996,6.8872
48.353,-4.8766,18.373
46.276,-2.4077,3.4674
30.412,-15.421,10.301
51.826,-5.874,3.1045
62.902,37.283,39.643
42.51,-6.9565,22.227
45.991,-9.1665,7.0343
39.19,-4.2722,6.4684
50.242,-0.023123,9.9038
59.612,38.536,39.868
54.199,-10.174,-4.447
46.88,-29.062,43.453
52.249,18.206,25.321
40.625,-11.21,7.6184
49.008,1.4383,11.105
63.68,53.546,43.629
67.4,45.323,41.154
59.882,25.167,31.102
44.682,4.6023,13.965
43.919,-6.6358,2.5026
40.31,-14.608,10.732
57.172,-3.5169,4.4605
50.577,-7.1905,20.361
46.304,-30.854,42.035
61.537,58.319,44.515
49.894,4.8186,14.55
47.874,3.926,12.948
45.109,6.6419,22.619
42.994,5.3885,12.791
43.333,-30.047,45.101
45.32,-7.836,5.2756
40.208,-5.0256,6.5008
52.104,7.844,18.808
46.434,-9.9965,-19.04
55.958,-17.461,-1.5851
47.811,3.2104,12.293
54.649,10.05,19.149
47.455,14.703,23.234
47.732,-7.7484,-7.3633
41.922,-1.2825,5.7096
53.484,22.445,29.023
65.444,2.8931,7.7174
51.263,-4.5342,3.7005
46.827,3.1944,10.579
57.937,32.225,39.223
47.741,-23.556,32.919
59.985,41.995,42.784
61.943,35.689,40.794
60.297,20.721,39.409
56.362,31.538,38.547
63.509,47.671,43.232
64.959,41.532,42.679
50.22,-14.044,15.577
45.805,-3.9702,0.60482
42.821,-4.9818,4.9901
47.63,-8.1865,6.0797
42.993,-6.1323,5.0673
55.043,51.51,45.366
63.075,33.772,38.967
61.979,33.511,51.787
67.815,44.006,40.9
58.457,25.042,32.386
44.813,-1.0985,7.5676
64.345,36.343,39.066
70.82,47.134,42.692
63.939,36.426,40.16
52.918,12.707,22.82
55.411,1.8598,10.38
59.41,-16.013,-32.721
71.173,42.357,46.524
48.793,9.4289,16.451
60.366,-11.811,-57.826
64.073,47.188,43.515
47.751,1.7744,9.5923
62.254,38.938,50.503
61.284,39.61,51.401
45.962,8.9424,15.871
60.784,41.148,44.38
62.808,46.501,43.376
49.928,-7.5686,6.2781
46.84,12.083,20.285
57.917,53.251,48.58
61.581,41.111,48.636
59.136,40.2,45.283
48.984,24.248,28.799
53.956,-0.2257,8.9589
45.423,1.5796,8.1916
60.983,36.052,40.324
50.402,4.3174,13.311
67.281,27.763,64.103
66.33,40.032,42.481
51.863,-7.8842,4.8756
50.798,-12.796,6.9747
51.008,-5.7351,3.8049
41.934,13.686,18.801
54.785,36.05,40.431
45.053,-0.48706,5.1738
47.957,-6.8099,7.0652
47.577,-3.2509,5.0559
48.446,14.647,21.286
60.808,36.59,44.713
43.919,-9.7031,-22.917
53.198,-10.251,-4.9597
49.316,42.064,41.106
54.328,1.9339,13.83
46.312,2.226,10.95
48.649,-8.2244,9.1646
66.664,28.553,62.173
69.63,24.128,65.217
55.147,38.311,43.09
57.959,45.754,48.815
63.199,41.063,45.448
47.729,-1.8928,7.0314
50.837,-3.9135,3.2621
46.351,-2.2309,5.8828
46.799,-6.9316,6.4829
54.097,57.979,51.844
65.786,32.254,51.953
57.531,33.068,38.215
48.547,-2.7216,5.2898
51.681,61.569,51.818
51.097,-5.6999,17.777
47.665,85.258,53.764
45.083,-4.4026,4.1814
46.673,-1.1713,5.1304
48.034,4.3939,14.651
45.806,-15.448,13.771
64.361,36.805,47.2
54.134,50.684,49.141
57.311,55.831,45.953
44.043,1.7413,10.237
43.943,-1.1186,4.1575
41.053,12.386,22.224
58.234,32.645,37.58
52.312,5.6453,19.725
48.688,-0.10276,8.8947
51.653,-7.4593,4.7815
44.873,-0.89283,6.2634
50.516,50.296,48.974
43.503,73.408,64.129
55.185,38.159,39.625
61.026,41.297,44.875
62.908,41.452,42.359
65.665,23.865,54.633
45.66,-1.3307,4.5887
43.486,-2.9528,3.7793
46.901,-20.872,16.71
62.55,-6.3183,54.482
43.471,-10.653,8.7213
49.586,48.393,45.895
45.815,37.61,39.183
44.918,4.0798,10.433
64.764,-1.3,54.463
46.735,-2.3421,6.017
43.549,-3.4674,1.629
45.289,-16.482,11.279
45.841,-0.2526,7.328
54.008,43.96,44.629
49.564,21.872,26.937
52.917,-2.7277,6.3309
45.496,-0.46857,5.7847
44.817,0.016468,7.4254
46.321,-1.8157,10.537
60.02,-18.815,49.833
44.279,4.1809,10.06
43.903,-11.121,8.6737
59.385,47.34,48.698
58.809,38.024,43.659
59.174,47.189,47.658
54.28,57.13,53.484
48.35,31.545,35.325
40.501,2.3107,11.165
48.146,22.548,26.068
47.693,19.833,24.687
64.209,33.151,56.661
53.28,29.029,33.566
56.168,36.149,41.778
55.579,32.6,39.617
57.567,56.48,47.666
68.466,-2.5757,62.44
43.576,-2.236,3.649
44.796,-1.0899,6.8877
50.996,65.182,56.097
46.371,18.119,24.763
43.17,1.5464,10.101
49.739,3.4884,14.427
45.668,2.3355,18.596
44.236,5.2247,12.981
57.511,51.28,47.546
76.787,2.5638,64.829
47.964,19.507,26.233
61.441,36.977,54.551
44.356,1.3799,11.259
59.32,1.5453,45.052
45.486,2.8421,10.268
42.924,1.004,7.4971
43.813,-0.19732,8.1608
45.099,-5.1413,8.8513
50.072,55.369,50.706
44.496,43.65,41.224
42.857,-0.068714,5.6922
56.174,54.939,46.56
48.366,-23.509,43.29
47.877,-2.7427,11.141
45.77,2.0587,9.9287
43.542,-1.3584,6.0355
44.114,2.8889,17.317
57.111,-17.699,49.553
46.995,-2.5114,11.19
43.89,-0.45426,5.3148
47.466,59.71,52.541
53.25,35.321,37.494
58.863,43.257,56.053
53.52,53.533,47.291
49.621,20.94,26.884
49.945,18.865,24.931
44.486,0.16953,6.9376
64.613,32.787,50.088
54.376,43.703,45.668
53.499,-23.561,47.786
43.991,4.5649,11.169
43.262,0.32991,6.595
59.739,42.161,59.844
59.876,43.778,48.016
44.497,-25.595,48.354
44.576,1.7293,11.297
55.108,31.084,41.446
48.107,49.929,44.829
39.924,-20.977,37.657
42.713,-0.4585,5.1183
44.301,-0.4814,7.7309
43.527,-4.0203,7.9584
65.508,31.933,65.524
43.266,1.3723,16.306
45.377,-1.2293,10.487
44.754,0.51616,16.63
43.792,1.6826,15.704
46.972,10.085,17.489
45.405,8.9568,15.694
44.356,-4.6321,11.724
45.426,-4.5132,13.918
43.186,0.65015,7.9158
44.71,-0.080354,8.6243
63.705,35.921,47.191
62.017,37.405,61.717
43.538,6.7982,13.915
69.959,14.618,66.393
43.163,-2.8664,9.8947
51.232,62.73,59.713
66.617,34.241,71.308
47.085,35.811,35.637
43.845,-2.1217,11.49
59.963,41.397,59.518
50.124,58.824,54.825
46.007,12.566,32.238
45.467,8.6608,17.698
43.006,-1.2101,8.7496
43.807,-0.1676,8.4456
49.193,40.866,40.3
54.27,57.757,66.846
42.203,-0.14681,7.5378
43.224,1.8454,12.979
44.595,4.4106,15.985
44.873,7.0256,14.769
45.394,-11.863,33.133
47.652,-1.7101,12.006
42.73,-1.7104,8.1637
42.648,-1.9732,8.9613
41.781,29.201,29.734
54.3,54.423,54.288
51.229,55.353,48.044
43.33,-0.47086,9.1334
44.021,-2.277,11.558
54.871,54.706,63.518
46.783,54.874,50.333
44.19,17.041,21.616
42.729,8.2047,17.133
43.389,60.218,52.31
51.273,64.915,64.984
49.109,71.858,63.811
42.699,-8.2478,12.874
57.24,48.517,62.633
43.937,11.752,20.186
42.35,-0.50765,13.399
42.119,-0.28488,7.4439
40.315,-2.1756,6.6562
39.53,-13.554,17.15
46.773,69.902,62.84
44.29,6.2182,13.555
43.058,-4.1321,14.508
42.196,-0.47501,9.5477
41.284,-7.216,10.768
44.873,8.5768,14.937
62.563,28.804,53.701
38.379,-3.3685,13
45.81,-9.7965,30.593
43.343,-1.1513,13.524
43.325,3.9384,13.418
42.69,-6.8881,19.846
41.621,-4.0016,10.819
54.079,45.543,48.201
43.535,-1.9293,11.224
43.542,-0.99986,11.771
41.065,-0.31528,8.8759
42.654,5.0516,17.894
44.768,48.994,46.334
42.742,3.815,13.111
43.671,8.7347,15.158
46.857,12.38,19.317
40.328,-5.8406,12.388
41.839,-1.2471,14.528
43.587,43.455,38.884
41.302,-12.767,19.668
41.519,-3.6735,11.099
41.105,-3.3814,9.0508
50.77,65.371,62.657
42.915,-8.0212,16.159
43.263,-7.3806,15.923
42.717,-2.571,10.436
48.611,71.252,66.596
44.438,3.86,12.274
45.639,-0.5121,15.031
48.018,70.526,64.603
39.802,-3.489,13.46
41.696,0.62713,12.398
44.575,0.52271,12.825
44.217,0.82714,13.395
41.807,-0.94263,9.0035
39.58,-4.0673,12.721
45.495,15.052,20.93
43.811,-1.0082,5.6587
41.574,-3.5955,10.84
41.84,-3.5869,23.876
41.614,-8.3994,15.695
42.704,68.871,60.432
45,68.98,61.786
42.557,-0.88085,10.31
40.94,-9.2982,17.239
38.774,69.4,59.496
40.854,-8.7659,23.454
42.378,4.1352,13.107
45.384,1.5541,11.719
45.081,-3.7778,15.835
42.418,3.4316,12.012
39.908,-5.8965,11.655
40.183,4.9123,13.969
33.31,25.979,27.921
32.569,50.862,48.046
39.705,23.288,28.733
38.207,-6.0403,10.33
40.672,-1.314,9.4355
36.502,-6.8522,14.975
40.85,-0.91682,12.51
48.105,-1.0863,16.891
47.938,4.348,24.356
40.432,-3.5441,11.422
36.521,27.011,28.81
57.881,2.4018,45.494
49.799,14.502,23.211
58.126,1.7696,47.565
45.849,4.0972,17.834
44.074,1.0923,10.227
33.96,-4.3005,15.935
38.44,-10.285,16.129
42.682,3.2007,11.736
43.01,0.70015,12.626
24.385,-9.5067,14.364
39.515,-3.7368,10.253
33.887,-3.7527,15.997
42.834,2.2033,11.856
46.062,7.0048,14.867
45.596,10.301,20.393
41.7,4.4123,19.679
37.618,51.412,46.284
46.467,5.2367,23.35
49.288,62.793,54.711
45,4.2638,12.511
38.123,22.779,24.792
40.383,-8.3276,16.755
42.694,7.6747,14.833
25.063,-1.3482,20.384
55.34,9.7525,38.19
39.181,4.8626,16.04
40.293,0.20629,11.497
50.484,-2.739,37.24
53.767,6.4312,39.773
42.974,-0.67728,14.621
50.075,22.437,35.935
54.416,22.198,41.452
39.318,11.233,19.71
46.209,7.4734,18.878
39.277,-2.4826,12.648
48.607,-3.9687,35.914
42.527,-0.20298,10.813
55.402,29.96,37.189
46.428,6.8084,22.447
45.84,4.6696,17.438
44.02,8.7745,20.371
39.461,-7.8247,13.956
37.552,-4.8539,12.117
39.346,-4.9387,12.027
37.345,1.386,14.432
49.178,-2.711,34.58
44.948,0.5068,12.714
39.91,-1.7662,10.764
40.557,27.955,29.435
42.9,4.7537,21.116
38.45,-2.2817,12.207
43.309,-1.1311,15.147
45.137,-8.022,32.164
37.762,-6.2059,14.351
45.212,4.5207,12.734
38.01,-19.129,41.873
38.01,-12.728,25.349
30.657,-7.5248,15.076
53.475,3.8844,31.139
42.491,2.2155,14.146
47.259,5.3346,18.439
47.39,2.7378,13.303
35.63,-8.0942,13.727
51.148,-1.9035,30.415
36.423,-6.9239,13.754
31.403,-6.9639,14.707
42.096,-3.7888,21.662
50.422,0.084219,32.776
42.415,2.4278,11.317
46.181,12.552,23.224
44.371,7.2931,30.012
34.406,-5.5633,11.853
40.686,-16.366,35.978
42.299,-0.80913,14.255
47.099,6.2208,15.145
34.887,-6.9574,13.577
56.785,20.645,50.511
41.753,8.9361,18.341
38.533,-7.3325,13.672
32.713,-5.7369,14.357
35.693,-4.5311,14.705
40.212,1.5596,12.198
39.881,-2.583,15.791
42.049,3.922,12.345
36.225,-12.644,22.349
36.852,-10.127,17.104
37.803,0.55414,15.916
45.381,1.903,11.823
48.491,17.689,26.211
36.249,-8.0534,12.58
43.172,11.025,17.816
62.159,8.7416,55.198
32.578,-17.833,18.685
61.586,3.3784,9.7978
62.78,-0.52872,6.0307
37.671,-8.7506,14.147
19.442,-4.5801,16.833
46.322,0.52551,12.421
54.17,0.43888,14.058
62.799,-2.0439,4.5855
65.865,-3.6312,-0.38834
60.321,4.2901,12.41
48.795,8.8351,31.327
41.6,-4.0259,18.519
34.111,-8.0361,15.177
30.882,-5.8386,14.813
57.698,1.1868,11.077
45.766,-5.4095,18.836
36.945,-7.6323,12.629
37.934,-5.8886,12.872
49.542,0.065258,13.518
61.84,-1.5551,5.6431
36.83,-6.7206,13.578
30.567,-10.294,14.424
52.301,0.012227,14.241
62.901,-1.6404,4.9539
40.042,2.5254,14.86
38.571,-9.5169,19.37
35.055,-13.679,17.937
34.608,-6.6776,15.444
42.308,1.5169,18.386
32.292,-13.874,16.585
29.293,-10.099,15.201
61.623,-2.8327,3.0543
59.207,-3.3848,3.932
56.833,-4.7289,4.0717
54.671,-3.1694,6.4335
52.672,-0.44133,9.7803
44.627,-3.1422,19.101
28.977,-5.9191,15.445
37.015,-4.0604,14.046
38.439,-3.8773,15.239
39.733,-0.45942,16.801
23.659,-13.979,14.974
31.42,-6.2098,16.708
48.768,0.74742,9.6439
39.138,-0.78431,11.561
39.075,-19.241,30.198
33.45,-6.1197,13.76
62.555,-1.9348,4.8506
49.472,-3.714,3.9929
24.093,-6.5175,16.104
23.779,-5.4682,16.88
43.845,1.1352,10.191
35.353,-11.768,16.627
34.637,-8.4025,13.39
35.091,-8.8768,14.075
43.904,-0.52343,11.294
53.678,-6.5355,1.6092
46.068,-2.8246,2.3853
40.778,-21.951,40.424
36.836,-8.0643,13.087
25.095,-8.8379,18.735
56.014,1.1479,12.908
63.556,-2.712,1.9602
44.882,-3.1618,0.91173
36.4,-10.803,16.119
39.377,-0.39836,13.002
59.811,1.6082,11.039
47.551,-3.9311,1.6091
42.391,-0.62523,17.958
55.251,-7.2796,0.67503
44.192,-3.6761,-0.5473
45.361,3.3014,10.703
11.219,-10.383,11.282
58.834,-3.9831,3.6122
41.794,-9.1437,23.583
32.11,-9.6847,16.028
50.308,-0.14043,13.334
62.257,-1.8172,5.1582
44.648,2.0277,13.473
47.447,-0.080825,12.01
53.456,0.13267,13.868
43.666,-3.648,-0.68086
18.868,-4.3719,16.677
29.538,-8.937,17.554
33.046,-8.5284,15.891
29.356,-8.6054,14.339
31.855,-10.269,16.022
60.761,1.2487,10.345
60.149,-2.9641,3.9854
56.554,-5.4635,2.6211
51.698,-7.5158,-1.5917
43.445,-1.4862,3.3078
52.299,-8.2566,23.445
37.87,-3.7904,14.72
60.961,-1.4931,6.1485
44.781,1.2588,9.5548
46.196,0.4134,9.8908
51.627,-8.9425,16.044
16.83,-3.724,16.283
43.304,0.26323,6.0702
47.111,-0.45585,9.407
47.944,-0.95977,11.041
34.338,-9.5632,14.697
61.464,-1.5474,5.9465
49.287,-1.8396,10.516
52.205,-1.2616,10.703
55.604,-0.66954,10.329
41.013,-21.127,23.911
29.737,-5.7161,14.488
58.91,0.95362,11.13
57.589,-3.6684,4.6885
51.13,-1.05,10.106
54.143,-0.93218,10.391
56.561,-0.53614,11.33
5.3037,-17.305,5.41
44.846,-4.959,-3.0171
46.457,0.3177,9.1276
61.861,1.578,8.6983
64.622,5.8328,10.594
55.571,-28.914,28.194
53.287,-9.2538,-4.2625
48.366,-11.502,-26.293
43.055,-0.89373,4.4539
58.894,0.025472,9.1047
71.142,-6.5391,-3.2804
73.685,-32.98,-5.3325
49.113,-0.28033,11.136
12.047,-5.4962,12.933
23.582,-11.6,15.553
46.079,-7.5925,-9.1124
43.567,-4.8931,-3.6454
43.384,0.34324,7.3918
70.235,-13.717,-1.7607
43.336,-2.1521,3.4578
40.532,-4.4562,12.703
49.184,-26.889,33.203
36.828,-25.568,3.3493
36.117,-6.1304,14.285
59.818,1.2677,10.962
60.062,1.409,11.015
43.32,-2.1669,2.0574
42.391,-32.109,10.287
62.119,-1.2825,5.5223
34.011,-6.7881,12.944
45.302,-1.3415,11.723
55.461,0.53048,13.436
60.009,-1.2475,7.1721
44.08,-5.1862,-4.0606
55.932,-7.5207,2.3333
51.003,-1.5698,13.581
58.518,-1.9554,6.309
44.612,-8.5791,-14.712
49.342,-0.75252,9.6878
70.648,-3.8346,-2.064
54.314,-15.129,5.5378
31.347,-9.9826,14.078
54.689,-7.7599,-0.26685
22.374,-5.2211,16.574
60.176,0.11267,9.0327
55.464,-5.608,3.4345
28.247,-10.737,15.038
29.065,-5.9174,15.409
34.115,-8.2346,12.79
56.714,-4.3145,4.8165
42.81,-0.093476,6.1087
53.525,-1.5673,10.144
67.507,1.5024,3.4571
44.905,0.21099,8.4274
61.527,-1.3882,6.0091
71.691,-8.8238,-4.0596
73.165,-10.707,-5.0569
49.931,-10.924,-15.54
56.839,-1.2268,9.2499
65.24,-1.3592,3.1916
22.521,-11.771,15.571
44.519,-8.7033,-40.033
31.157,-9.9937,14.092
59.189,-2.133,5.7011
37.505,-17.07,5.3501
59.474,1.009,10.808
72.179,-7.6085,-3.9867
23.187,-4.4619,20.808
31.122,-6.6388,17.415
29.87,-5.8844,15.07
19.037,-4.3866,16.825
17.702,-12.808,14.397
32.242,-9.1481,14.025
59.684,1.2577,11.038
59.639,-0.58556,8.3748
57.721,-3.3827,5.2476
43.509,-4.0157,-1.541
38.126,-4.0218,13.422
53.361,-6.8373,1.2714
32.501,-7.0581,16.548
56.03,-5.022,4.6719
51.829,-8.0134,-2.4417
72.137,-8.6058,-3.7293
47.983,-0.81906,11.985
52.783,-0.98612,12.93
54.638,-5.6491,3.7816
43.109,-0.074131,6.152
48.553,-0.25855,10.031
51.696,-1.3262,10.264
48.017,-28.318,18.637
40.321,-0.49462,-53.136
55.172,-1.454,9.8248
73.23,-8.5718,-5.8721
63.165,-1.4636,7.041
57.077,0.33613,11.609
59.266,-1.139,7.8298
40.705,-5.5233,-45.966
43.637,-5.2919,-4.5998
43.38,-1.6814,3.1841
57.64,-3.5338,6.0433
44.09,-1.7241,5.0624
35.664,1.1686,20.051
37.021,-5.9056,13.597
63.915,-0.067758,5.1139
53.859,-19.957,5.4569
45.579,-30.348,17.172
34.132,-2.201,18.211
28.658,-8.707,17.983
27.17,-8.9636,18.359
25.759,-8.9042,18.659
28.637,-11.022,17.122
43.725,-2.5265,11.393
46.168,0.24584,9.1413
66.747,1.8634,4.313
73.265,-10.48,-5.1362
59.331,-2.4469,5.2045
44.158,0.39291,7.6453
67.725,1.3885,3.2102
72.335,-9.4913,-4.5157
36.347,7.592,18.913
53.463,-5.519,3.4137
45.333,-10.169,-23.963
71.111,-8.2376,-3.6287
51.506,-5.9489,1.7211
72.888,-10.076,-4.8896
23.385,-11.629,15.583
59.4,-1.0221,7.8619
55.302,-5.1712,3.9935
49.112,-7.1891,-3.7909
44.002,-9.786,-23.704
59.627,0.41934,9.8282
57.317,-3.4752,5.0857
